Number;Name;Sub area;Collection type;Fills in (days);Max days between emptyings
1375;Nieuwkoopstraat 15;Elderveld Zuid;Dynamic;3,6;0
448;Goeman Borgiusplein 6 overzijde;Sonsbeek Noord;Dynamic;12,4;0
2420;Radarpad 3;Schaarsbergen;Dynamic;10,2;0
1218;Keurvorstlaan 32 schuin overzijde;Immerloo II;Dynamic;3,1;0
891;Woudrichemstraat 84;De Laar West;Dynamic;2,5;0
1780;Albert Schweitzestraat 20;Rijkerswoerd Midden;Dynamic;6,1;0
2587;Kronenburgsingel 8;Kronenburg;Scheduled;12,2;14
295;Gildemeesterplein 2-294;Winkelcentrum;Dynamic;6,3;0
346;Johannastraat 85 zijkant;Klarendal Zuid;Dynamic;4,4;0
2373;Dr, J,C, Hartogslaan (HIGH PARK);Velperweg Noord;Dynamic;64,1;0
330;St, Antonielaan 73 overzijde;Graaf Ottoplein e,o,;Dynamic;8,5;0
2480(*);Ogentroost;Malburgen-West;Dynamic;5;10
809;Kronenburgsingel 205-209;Kronenburg;Dynamic;8,9;0
1951;Grensweg 27 overzijde;Arnhemse Allee;Dynamic;4,5;0
1757;Dr, Christine Baderstraat 29;Rijkerswoerd Midden;Dynamic;6,8;0
824;Groningensingel zijkant 949(naast Chinees);Vredenburg;Dynamic;5,9;0
17;Ir J,P, van Muijlwijkstraat 49;Hommelstraat;Dynamic;8,4;0
1376;Rotterdamsingel 16 overzijde;Elderveld Noord;Dynamic;5,3;0
518;Burgemeester Bloemersweg 44 - 46;Monnikenhuizen;Dynamic;6,2;0
990;Dintelstraat/Laan van Presikhaaf;Presikhaaf I;Dynamic;5,2;0
229;Wijde Slag t/h No, 9-13;Over het Lange Water;Dynamic;3,2;0
381;J,P, Heijestraat  1 - 1a;Onder de Linden;Dynamic;5,9;0
516;Dr, Schaepmanlaan 100;Monnikenhuizen;Dynamic;5,4;0
2344;Winterkleed;Schuytgraaf-Zuid;Dynamic;3,4;0
1720;Drentesingel naast 85;Vredenburg;Dynamic;4,9;0
1284;Dalweg tegenover 85;Sonsbeek Noord;Dynamic;25,6;0
1908;Reigerstraat 16;Geitenkamp;Dynamic;5,2;0
1113;Druckerstraat 25;Geitenkamp;Dynamic;3;0
960;Sterappelgaard 118 - 160;De Overmaat;Dynamic;3;0
549;Izaäk Evertslaan 11;Burgemeesterswijk;Dynamic;11,4;0
2588;Kronenburgsingel 8;Kronenburg;Scheduled;15,8;14
2159;Gele Rijdersplein 3-6;Rijnstraat;Scheduled;26,4;0
63;Rietgrachtstraat 7;Boulevardwijk;Dynamic;4,5;0
628;Nachtschade 2 - 146;Malburgen West;Dynamic;15,4;0
1260;De Stratenmakersveste 43;Schuytgraaf-Zuid;Dynamic;5,5;0
1191;Fluitekruidstraat t,h,v, 38 zijkant,;Zeegsingel e,o,;Dynamic;3,2;0
401;Dr J,C, Hartogslaan  21;Velperweg Noord;Dynamic;8,4;0
820;Slochterenweg 42 - 182 (Petersborg);Vredenburg;Dynamic;13,8;0
2368;Kemperbergerweg 63;Schaarsbergen;Dynamic;27,5;0
1830;Klaverstraat 14 zijkant;Elden;Dynamic;4,3;0
161;Krammerstraat 56;Presikhaaf II;Dynamic;4,7;0
251;Middachtensingel t/h No, 180-258;Over het Lange Water;Dynamic;9,9;0
1816;Hendrik Pieter Marchantstraat 52;Rijkerswoerd West;Dynamic;8;0
354;Solostraat 16;Klarendal Zuid;Dynamic;6,3;0
310;Sonsbeeksingel 77 - 78;St, Marten;Dynamic;3,1;0
517;Treublaan 13;Monnikenhuizen;Dynamic;10,2;0
1383;Bussumstraat 12 zijkant;Elderveld Noord;Dynamic;5,6;0
895;Deurnestraat t,h,v, 42;De Laar West;Dynamic;5,3;0
1507;Mesdaglaan 95 overzijde;Hoogkamp;Dynamic;11,7;0
926;Baakhovenstraat 49;De Laar Oost;Dynamic;6,1;0
712;Veerpolderstraat 115;Kamillehof;Dynamic;6,3;0
54;Emmastraat 33;Spijkerbuurt;Dynamic;4,2;0
1417;Medemblikhof 20;Elderhof;Dynamic;7,1;0
2167;Doelenstraat achter Gele Rijders Plein 2;Rijnstraat;Scheduled;1,9;0
2248;Eimerseiland 37-95;Eimersweide;Dynamic;10,3;0
997;Hoogstedehof 16-21;Klingelbeek;Dynamic;29,4;0
2418;Boogbrug;Schuytgraaf-Noord;Dynamic;4,9;0
160;Laan van Presikhaaf 70 - 84 zijkant;Presikhaaf II;Dynamic;3,6;0
966;De Dissel 102;Schuytgraaf-Noord;Dynamic;7,6;0
435;de Goeijenlaan 5;Paasberg;Dynamic;17,9;0
804;Schepen van Voorsthof;Kronenburg;Dynamic;8,1;0
442;Kloosterstraat 183-229;Paasberg;Dynamic;25,3;0
796;Schepen Van Oppenwervestraat t,h,v, 157;Kronenburg;Dynamic;4,5;0
1460;Sittardstraat 1 zijkant;De Laar Oost;Dynamic;16,2;0
539;Apeldoornseweg 67;Transvaalbuurt;Dynamic;7,6;0
287;Gamerslagplein 2 - 162;Winkelcentrum;Dynamic;11,5;0
2076;Drentesingel 119;Vredenburg;Dynamic;7,9;0
1519;Jacob Marislaan 42;Sterrenberg;Dynamic;5,1;0
1354;Melissantpad 1;Elderveld Zuid;Dynamic;5,3;0
1701;Aduardstraat 38;Vredenburg;Dynamic;5,3;0
323;Annastraat 19;Graaf Ottoplein e,o,;Dynamic;5,6;0
1772;Anna Blamanstraat 2;Rijkerswoerd Midden;Dynamic;6,2;0
1119;Dennenweg tegenover 135;Arnhemse Allee;Dynamic;3,8;0
642;Ereprijslaan 19;Malburgen West;Dynamic;6,5;0
207;Bontekoestraat 17;Presikhaaf III;Dynamic;3,8;0
332;Hommelseweg 319;Graaf Ottoplein e,o,;Dynamic;3,4;0
9005;Sonsbeek park Witte vila Tellegenlaan;Sonsbeek;None;0;1
212;Brekelenkampstraat 1 zijkant;Over het Lange Water;Dynamic;4,1;0
716;Keizershof 2-240;'t Duifje;Dynamic;4,7;0
978;Daphnestraat 94;Schuytgraaf-Centrum;Dynamic;2,9;0
559;Pels Rijckenstraat  2;Burgemeesterswijk;Dynamic;3,9;0
1341;Brunelsingel naast 54;Malburgen West;Dynamic;4,1;0
575;Witsenstraat 27 overzijde;Hoogkamp;Dynamic;19,8;0
1563;Verlengde Prümelaan 73;Angerenstein;Dynamic;23;0
1911;Rosendaalseweg 698;Geitenkamp;Dynamic;3,7;0
1262;Keltenveld 2;Schuytgraaf-Zuid;Scheduled;8,2;0
1466;Aasterbergstraat 2;De Laar Oost;Dynamic;6,5;0
701;Graslaan t,h,v, 102;Kamillehof;Dynamic;4,6;0
1283;Dalweg thv 59 (Middenberm);Sonsbeek Noord;Dynamic;15;0
94;Voetiuslaan 18;Statenkwartier;Dynamic;7,4;0
683;Forelstraat t,h,v, 51 zijkant(Graslaan);Groene Weide;Dynamic;3,1;0
950;Otis Reddingplein  5;Rijkerswoerd West;Dynamic;4,1;0
849;Gorinchemstraat 50;Elderveld Zuid;Dynamic;3,7;0
1473;Landgraafstraat 35 zijkant;De Laar Oost;Dynamic;5,6;0
1474;Landgraafstraat 68 overzijde;De Laar Oost;Dynamic;6,5;0
653;Egelantierstraat 2;Malburgen West;Dynamic;5;0
8;Spoorwegstraat 7;Hommelstraat;Dynamic;4,5;0
378;Agnietenstraat 73;Klarendal Noord;Dynamic;3,6;0
124;Broekstraat 57;Van Verschuerbuurt;Dynamic;9,9;0
1437;Hoedekenskerkstraat t,h,v, 54;De Laar Oost;Dynamic;4,8;0
1462;Echterbosstraat 80;De Laar Oost;Dynamic;5,6;0
959;Sterappelgaard  74;De Overmaat;Dynamic;4,8;0
1311;Onderlangs thv, 5;Utrechtsestraat;Dynamic;11;0
1019;Sonsbeeksingel 18  overzijde;Transvaalbuurt;Scheduled;30,4;0
922;Baakhovenstraat 127;De Laar Oost;Dynamic;7,9;0
1734;Dr, Willem Dreessingel 113 overzijde;Rijkerswoerd West;Dynamic;9,3;0
1662;Regiment Pioniers thv 2;Klarenbeek;Dynamic;16,2;0
2123;Broerenstraat tegenover ingang parkeergarage;Markt;Scheduled;3,7;0
1253;Dorserserf 29;Schuytgraaf-Zuid;Dynamic;7;0
860;Schipholplein 17;Elderveld Noord;Dynamic;3,5;0
230;Middachtensingel t/h No, 20-98;Over het Lange Water;Dynamic;8,1;0
1097;Lindeheuvel 63 overzijde;Onder de Linden;Dynamic;5,6;0
943;Theaterplein t,h,v, 1-3,;Rijkerswoerd Midden;Dynamic;6,2;0
1409;Hagemanswei 65 - 67;Elderhof;Dynamic;6,8;0
264;Valkhofplein t,h,v 31;Over het Lange Water;Dynamic;4,2;0
1360;Hellevoetsluisstraat 17;Elderveld Zuid;Dynamic;9,9;0
2067;Velperweg;Angerenstein;Dynamic;10,4;0
298;Gildemeestersplein voor ah;Winkelcentrum;Dynamic;1,9;0
1402;Koewei 35;Elderhof;Dynamic;8,2;0
1353;Hillegomweg 55;Elderveld Zuid;Dynamic;4,4;0
920;Terneuzenstraat 101 - 169;De Laar Oost;Dynamic;3,2;0
1743;Mooieweg thv 142;Rijkerswoerd West;Dynamic;8,7;0
906;Bredasingel t/o No, 214;De Laar West;Dynamic;2,3;0
802;Schepen van Ommerenstraat 132;Kronenburg;Dynamic;7,5;0
1384;Haarlemweg 11;Elderveld Noord;Dynamic;6,1;0
273;Biljoenlaan 65;Over het Lange Water;Dynamic;3,8;0
876;Udenstraat t,h,v, 57 zijkant;De Laar West;Dynamic;3,9;0
886;Teteringenstraat t,h,v, 97 overzijde;De Laar West;Dynamic;3,6;0
2072;Vosdijk 28;Molenbeke;Scheduled;0;0
11;Jufferstraat t/h No, 3-15;Hommelstraat;Dynamic;9;0
294;Gildemeesterplein 2-294;Winkelcentrum;Dynamic;3,1;0
1748;Dr, Joop den Uylsingel 96 zijkant;Rijkerswoerd West;Dynamic;13;0
1382;Wormerveerstraat 75;Elderveld Noord;Dynamic;3,6;0
1152;Laan van bevrijding 56;Schuytgraaf-Noord;Dynamic;5,4;0
1234;Alkmenegaard naast 32;De Overmaat;Dynamic;19,5;0
1144;Kustvaart t,h,v,1,;Schuytgraaf-Noord;Dynamic;8,1;0
123;Broekstraat 57;Van Verschuerbuurt;Dynamic;9,7;0
2145;Velperweg 22;Molenbeke;Dynamic;14,6;0
667;Suikerland t,h,v, 2;Groene Weide;Dynamic;3;0
2251;Laakoever;Schuytgraaf-Zuid;Dynamic;3,7;0
897;Kruising Eindhovensingel - Brabantweg;De Laar West;Dynamic;3;0
1737;Dr, Willem Dreessingel t,h,v, 149;Rijkerswoerd West;Dynamic;3,9;0
964;De Dissel 176;Schuytgraaf-Noord;Dynamic;6,6;0
492;Rosendaalseweg t/h No, 621;Geitenkamp;Dynamic;23,1;0
154;IJssellaan 61 - 83;Presikhaaf I;Dynamic;9,7;0
673;Graslaan t,h,v, 34;Groene Weide;Dynamic;2,4;0
1494;Heijenoordseweg t,h,v, 60;Heijenoord;Dynamic;14,9;0
1736;Glenn Millerstraat 41 overzijde;Rijkerswoerd West;Dynamic;4,5;0
2367;Oostenwind 24;Schuytgraaf-Zuid;Dynamic;5,6;0
96;Voetsiuslaan 31;Statenkwartier;Dynamic;5,8;0
165;Slaakweg t/h No, 291-313;Presikhaaf II;Dynamic;8,9;0
1419;Zeelandsingel naast nr 62;De Laar Oost;Dynamic;5,2;0
1189;Wikkestraat 41 zijkant,;Zeegsingel e,o,;Dynamic;4,4;0
1485;IJssellaan thv 29;Presikhaaf I;Dynamic;5,1;0
1200;Pijlkruidstraat  58,;Immerloo I;Dynamic;3,9;0
2553;Goud thv 54;Schuytgraaf-Centrum;Dynamic;4,5;7
567;Bauerstraat t/h No, 5-7;Sterrenberg;Dynamic;10,3;0
1385;Naardenstraat 24;Elderveld Noord;Dynamic;4;0
1388;Hilversumstraat thv 53 zijkant;Elderveld Noord;Dynamic;4,3;0
795;Schepen Van Oppenwervestraat t,h,v, 157;Kronenburg;Dynamic;6,9;0
377;Noordpad 54 zijkant;Klarendal Noord;Dynamic;4,1;0
2016;Castorstraat naast 66;Schuytgraaf-Centrum;Dynamic;3,3;0
531;Compagnieplaats 94;Klarenbeek;Dynamic;6,8;0
1568;Broekstraat 255;Arnhemse Broek;Dynamic;3,5;0
479;Fokke Noordhoffstraat 2;Geitenkamp;Dynamic;4,9;0
233;Grote Durk t/h No, 9-13;Over het Lange Water;Dynamic;3,1;0
392;Klarendalseweg 333 overzijde;St, Janskerkstraat e,o,;Dynamic;4,7;0
1848;Schepen van Hemertstraat  thv,25;Kronenburg;Dynamic;6;0
119;Rietgrachtstraat thv, 71;Van Verschuerbuurt;Dynamic;10;0
2476(*);Ogentroost;Malburgen-West;Dynamic;7,8;10
525;Rosendaalseweg 759A;Arnhemse Allee;Dynamic;6;0
1811;George Marshallstraat 6;Rijkerswoerd Midden;Dynamic;5,9;0
1020;Sonsbeeksingel 18  overzijde;Transvaalbuurt;Scheduled;68;0
306;Sonsbeeksingel 56;St, Marten;Dynamic;6,1;0
1432;Valkenburgstraat 121;De Laar Oost;Dynamic;5,2;0
152;Geleenstraat 9;Presikhaaf I;Dynamic;3,6;0
71;Boulevard Heuvelinkstraat 129a (overzijde in groenperk);Boulevardwijk;Dynamic;2,6;0
514;Dr, Schaepmanlaan 38/Ds, Bechtlaan 14 achterzijde;Monnikenhuizen;Dynamic;4,8;0
1934;Veerpolderstraat 128a;Groene Weide;Dynamic;4,9;0
524;Pastoor vd Loolaan t/h No, 11-13;Monnikenhuizen;Dynamic;7,2;0
1094;Wormerslaan 12 zijkant;Onder de Linden;Dynamic;6,7;0
1168;Stadswaardenlaan 72;Bakenhof;Dynamic;8,3;0
283;Cloekplein 2 - 142;Winkelcentrum;Dynamic;7;0
1355;Goudaweg 32;Elderveld Zuid;Dynamic;3,8;0
102;Johan de Wittlaan 429;Statenkwartier;Dynamic;3,1;0
368;Verlengde Paulstraat 2 zijkant;Klarendal Noord;Dynamic;6,7;0
61;Boulevard Heuvelink 9;Boulevardwijk;Dynamic;4,2;0
835;Groningensingel 233 - 435(flat Ravestein/Rhynestein);Vredenburg;Dynamic;5,3;0
2457(*);Bliksemschicht;Schuytgraaf-Zuid;Dynamic;4,2;0
66;Boulevard Heuvelink 101;Boulevardwijk;Dynamic;4,1;0
1852;Schepen van Monetariusstraat 13;Kronenburg;Dynamic;9,6;0
143;Zoomstraat 2 - 172;Presikhaaf I;Dynamic;7,9;0
347;Johannastraat  111 overzijde;Klarendal Zuid;Dynamic;4;0
1351;Dordrechtweg 40;Elderveld Zuid;Dynamic;4;0
747;Lisdoddelaan/Papaverstraat;Middelgraaflaan e,o,;Dynamic;9,3;0
2057;Laan van Angerenstein thv nr 2;Angerenstein;Dynamic;12,2;0
113;Johan de Wittlaan 272-274;Arnhemse Broek;Dynamic;6,9;0
1294;Heselbergherweg t,h,v, 68;Sonsbeek Noord;Dynamic;22,3;0
872;Pettenstraat 79-103;Elderveld Noord;Dynamic;6,4;0
2025;Koperslagersveste 27;Schuytgraaf-Zuid;Dynamic;7,1;0
930;Emily Brontesingel 107 / Bastion;Rijkerswoerd Oost;Dynamic;7;0
556;Noordelijke Parallelweg 3 thv Ruijvenpad,;Burgemeesterswijk;Dynamic;12;0
1794;Multatulihof naast 1;Rijkerswoerd Oost;Dynamic;4;0
415;Wichard v Pontlaan t/h No, 203;Plattenburg;Dynamic;6,7;0
2566;Eemslaan;Presikhaaf-West;Scheduled;13,1;1
1358;Hillegomweg 109;Elderveld Zuid;Dynamic;5;0
1787;Charles Dickensstraat 27;Rijkerswoerd Oost;Dynamic;3,8;0
1834;1e Laurenskamp thv 2;Elden;Dynamic;7,1;30
2393;Vakwerkbrug 18;Schuytgraaf-Noord;Dynamic;2,6;0
1362;Reurikwei 87;Elderhof;Dynamic;8,5;0
571;Bakenbergseweg thv 40 overzijde;Sterrenberg;Dynamic;10,1;0
734;Drieslag 4;Middelgraaflaan e,o,;Dynamic;3;0
573;Mesdaglaan 74 - 84;Hoogkamp;Dynamic;15,8;0
357;Rosendaalsestraat  234  - 248;Klarendal Zuid;Dynamic;5,2;0
1367;Rodenrijsstraat 2;Elderveld Zuid;Dynamic;7,1;0
976;Thaliastraat 201;Schuytgraaf-Centrum;Dynamic;3;0
1516;Bakenbergseweg thv, 218;Hoogkamp;Dynamic;15,7;0
386;Groot Vijverdal 1;Onder de Linden;Dynamic;10,7;0
949;Otis Reddingplein 5;Rijkerswoerd West;Dynamic;9,7;0
1791;Marga Klompélaan 323;Rijkerswoerd Oost;Dynamic;6,1;0
2412;Groningelsingel 51;Vredenburg;Dynamic;3,6;0
1899;Klapstraat 25 zijkant;Elden;Dynamic;7;0
1833;Zagerij 2;Elden;Dynamic;8,9;0
38;Driekoningendwarsstraat 2a;Spijkerbuurt;Dynamic;5,1;0
1561;Huijghenslaan 77;Angerenstein;Dynamic;16;0
282;Cloekplein 2 - 142;Winkelcentrum;Dynamic;5,7;0
633;Fontuinkruidstraat 49;Malburgen West;Dynamic;7,1;0
1721;Drentesingel naast 2;Vredenburg;Dynamic;4,4;0
1808;John Grosmanstraat 2;Rijkerswoerd Oost;Dynamic;18;0
1552;Roëllstraat 1;Burgemeesterswijk;Dynamic;11,3;0
1169;Kea Bouwmanstraat t,h,v, 2;Bakenhof;Dynamic;6,4;0
337;Putstraat 15;Klarendal Zuid;Dynamic;4,1;0
869;Rotterdamsingel 11-69;Elderveld Noord;Dynamic;6,5;0
2013;Boreaplantsoen 24;Schuytgraaf-Centrum;Dynamic;3,1;0
550;Burgemeester Weertsstraat 118;Burgemeesterswijk;Dynamic;2,9;0
870;Pettenstraat 241;Elderveld Noord;Dynamic;8,9;0
1822;Meester Merkxstraat 40 overzijde;Elden;Dynamic;4,4;0
98;Voetiuslaan 45;Statenkwartier;Dynamic;14,1;0
1445;Panheelstraat thv 28;De Laar Oost;Dynamic;10,6;0
28;Spijkerstraat t/h No, 25;Spijkerbuurt;Dynamic;7,2;0
167;Roompotstraat 276;Presikhaaf II;Dynamic;5,5;0
157;IJssellaan 68 zijkant;Presikhaaf II;Dynamic;2,7;0
1142;Kustvaart t,h,v,109,;Schuytgraaf-Noord;Dynamic;9,8;0
1436;Grondsveldstraat thv 33;De Laar Oost;Dynamic;3,7;0
108;Johan de Wittlaan 232 - 234 (nst brug);Arnhemse Broek;Dynamic;7,1;0
2153;Gelderse Rooslaan 240-342;Malburgen West;Dynamic;6,3;0
867;Driemondplein 2;Elderveld Noord;Dynamic;5,2;0
1324;Vlierstraat naast nr 1;Malburgen West;Dynamic;8;0
627;Nachtschade 2 - 146;Malburgen West;Dynamic;7,9;0
1637;Eikstraat 1;Arnhemse Allee;Dynamic;5,5;0
464;Oude Kluizeweg 222-352;Alteveer/Cranevelt;Dynamic;7,2;0
1412;Aalsmeerhof 23;Elderhof;Dynamic;14,4;0
74;Boulevard Heuvelink 124;Boulevardwijk;Dynamic;20,2;0
768;Kleefseplein 1 - 239;Immerloo II;Dynamic;2,9;0
1467;Hoensbroekstraat 110;De Laar Oost;Dynamic;8,2;0
851;Zwijndrechtstraat 50 - 60 zijkant;Elderveld Zuid;Dynamic;6,2;0
1131;Meikers 14;Schuytgraaf-Noord;Dynamic;5;0
1968;Kramersgildeplein 1;Winkelcentrum;Dynamic;4,3;0
2586;Nel Klaassenstraat;Rijkerswoerd-Oost;Scheduled;11,8;7
730;Salvatorplein 40;Middelgraaflaan e,o,;Dynamic;5,1;0
1404;Verenwei 21;Elderhof;Dynamic;4,9;0
221;Korte Slag 38;Over het Lange Water;Dynamic;5;0
1639;Vogelkersweg 48;Arnhemse Allee;Dynamic;12,2;0
1145;Kustvaart t,h,v,35,;Schuytgraaf-Noord;Dynamic;7,1;0
1782;Mahatma Gandhiweg  41 overzijde;Rijkerswoerd Oost;Dynamic;3,1;0
632;Veenwortelstraat 4;Malburgen West;Dynamic;8,2;0
1656;Beukenlaan 18 zijkant;Monnikenhuizen;Dynamic;5,8;0
1092;Kazernestraat 39 overzijde;St, Janskerkstraat e,o,;Dynamic;8,3;0
1518;Hofwijkstraat 4 overzijde;Elsweide;Dynamic;8,9;0
1655;Beukenlaan 10 zijkant;Monnikenhuizen;Dynamic;13,4;0
1036;Marten van Rossemstraat to 2;St, Marten;Scheduled;0;0
47;Schoolstraat 1;Spijkerbuurt;Scheduled;8;0
2374;Dr, J,C, Hartogslaan (HIGH PARK);Velperweg Noord;Dynamic;3,6;0
1838;Schepen te Boeckoppad t,h,v, 39;Kronenburg;Dynamic;5,1;0
1470;Landgraafstraat 4;De Laar Oost;Dynamic;5,5;0
798;Schepen ten Havenstraat 13 - 33;Kronenburg;Dynamic;10,7;0
786;Kronenburgsingel 683-799 achterzijde;Kronenburg;Dynamic;7,4;0
995;Cordesstraat 12;Burgemeesterswijk;Dynamic;27,7;0
2099;Bonte Wetering 66;Geitenkamp;Dynamic;2,7;0
1755;Mina Krusemansstraat 48;Rijkerswoerd Midden;Dynamic;6,3;0
24;Velperbuitensingel 1a;Spijkerbuurt;Dynamic;3,5;0
355;Javastraat 39-51;Klarendal Zuid;Dynamic;6,7;0
1458;Sittardstraat 41 zijkant;De Laar Oost;Dynamic;10,3;0
135;Lekstraat t,h,v, 11;Presikhaaf I;Dynamic;4,2;0
1322;Haagdoornstraat naast 85;Malburgen West;Dynamic;4,3;0
1091;St, Janskerkstraat,95 overzijde;St, Janskerkstraat e,o,;Dynamic;5,4;0
1335;Spireapad 15;Malburgen West;Dynamic;4,2;0
1190;Bereklauwstraat 40 zijkant,;Zeegsingel e,o,;Dynamic;4,9;0
1121;Hertenlaan t,h,v, 30-32;Geitenkamp;Dynamic;4,6;0
1565;Verlengde Prümelaan 60;Angerenstein;Dynamic;8,1;0
2463(*);Stokerstraat;Nieuwe Kadekwartier;Dynamic;3,5;0
841;Leimuidenplaats 120;Elderveld Zuid;Dynamic;10,3;0
101;Johan de Wittlaan 429;Statenkwartier;Dynamic;2,7;0
738;Akkerwindestraat t/o No, 51;Middelgraaflaan e,o,;Dynamic;4,8;0
2042;Winterkleed;Schuytgraaf-Zuid;Dynamic;4,5;0
1478;Anna Paulownastraat thv 25;Lombok;Dynamic;9,7;0
2009;Mr, P,J, Oudsingel 79 zijkant;Rijkerswoerd Midden;Dynamic;5,8;0
1556;Prumelaan 32;Angerenstein;Dynamic;9,5;0
105;Johan de Wittlaan 62;Arnhemse Broek;Dynamic;4,4;0
962;De Maaidorser 1;Schuytgraaf-Noord;Dynamic;7,2;0
1323;Sleedoornlaan t,o 36;Malburgen West;Dynamic;8,3;0
1448;Tongerlostraat 33 zijkant;De Laar Oost;Dynamic;7,2;0
2070;Vondellaan 2;Paasberg;Dynamic;19,2;0
2090;Kroonpark 10;Kronenburg;Dynamic;3,6;0
1491;Hoogstedelaan 59 overzijde;Klingelbeek;Dynamic;9,4;0
1110;Dr, Schaepmanstraat 88;Geitenkamp;Dynamic;8,4;0
2157;Willemsplein 34;Rijnstraat;Scheduled;3,3;0
305;Schrasserstraat t/h No, 8-10;St, Marten;Dynamic;6,1;0
2581;Stormvloedkering - thv 2;Schuytgraaf Noord;Dynamic;2,1;14
979;Rentmeesterwaard 4;Schuytgraaf-Zuid;Dynamic;6,7;0
1342;Madelievenstraat naast nummer 9;Malburgen West;Dynamic;3,5;0
1425;Middelburgsingel zijkant 46 overzijde;De Laar Oost;Dynamic;6,4;0
2139;Jansbuitensingel 24;Janssingel;Scheduled;0;0
1196;Huissensestraat t,h,v, 192 overzijde;Immerloo I;Dynamic;3,8;0
1401;Koewei 71;Elderhof;Dynamic;12,3;0
2483(*);Fibula hoek Zilver;Schuygraaf- Centrum;Scheduled;5,9;30
1729;Dr Willem Dreessingel 46;Rijkerswoerd West;Dynamic;4,2;0
887;Raamsdonkstraat 2;De Laar West;Dynamic;2,9;0
1530;Weissenbruchtstraat 3;Sterrenberg;Dynamic;12,3;0
476;Cattepoelseweg 170/196;Alteveer/Cranevelt;Dynamic;51,5;0
1241;Pachterwaard thv 43;Schuytgraaf-Zuid;Dynamic;5,5;0
1954;Populierstraat 2 zijkant;Arnhemse Allee;Dynamic;8,4;0
944;Fridtjof Nansenstraat 55;Rijkerswoerd Midden;Dynamic;9,4;0
182;Van Nesstraat 100 - 130;Presikhaaf III;Dynamic;3,1;0
2062;Paasberglaan 37 zijkant;Paasberg;Dynamic;21,7;0
1985;IJssellaan 13;Presikhaaf I;Dynamic;8,5;0
1797;Ida Gerhardtstraat  82;Rijkerswoerd Oost;Dynamic;3,5;0
1642;Augustijnstraat 11 schuin voor in gazon;Monnikenhuizen;Dynamic;10,5;0
1595;Beethovenlaan 100;Alteveer/Cranevelt;Dynamic;14,6;0
2455(*);CL1196;Schuytgraaf-Zuid;Dynamic;5;0
617;Utrechtseweg 215 - 229;Klingelbeek;Dynamic;9,4;0
1215;Waterlelielaan 28 overzijde;Immerloo I;Dynamic;2,5;0
188;Keulse Slag 54;Presikhaaf III;Dynamic;5,2;0
1361;Dordrechtweg 14;Elderveld Noord;Dynamic;5,1;0
2148;Rijnkade 143;Weverstraat;Scheduled;10,6;0
170;Van Borselenstraat 2-56;Presikhaaf III;Dynamic;6,5;0
969;Koningskers t/h No, 54-138;Schuytgraaf-Noord;Dynamic;6,7;0
2587;Kronenburgsingel;Kronenburg;Dynamic;;1
2158;Gele Rijdersplein 3-6;Rijnstraat;Scheduled;3,7;0
2467(*);Schipbrug;;Dynamic;5;0
1770;Aagje Dekenstraat 15;Rijkerswoerd Midden;Dynamic;9,3;0
1660;Garde grenadiers 19;Klarenbeek;Dynamic;34,7;0
1443;Baakhovenstraat thv 4 zijkant;De Laar Oost;Dynamic;6,8;0
1482;Utrechtseweg thv 290;Lombok;Dynamic;12,2;0
1095;Lijsterstraat t,h,v, 18;Onder de Linden;Dynamic;7;0
461;Kluizeweg / Schelmseweg;Alteveer/Cranevelt;Dynamic;6,1;0
702;Kamillelaan t,h,v, 42;Kamillehof;Dynamic;4,3;0
879;Halsterenstraat t/h No, 143;De Laar West;Dynamic;6,4;0
771;Kleefseplein 241-455;Immerloo II;Dynamic;6;0
1135;Het Karrewiel 43;Schuytgraaf-Noord;Dynamic;5,5;0
2131;Hoogstraat 10 achterzijde;Weverstraat;Scheduled;2,5;0
1969;Kramersgildeplein 1;Winkelcentrum;Dynamic;5;0
59;Boulevard heuvelink t/o No, 24-26 (Armafa);Boulevardwijk;Dynamic;7,6;0
602;Noordelijke Parallelweg  45;Brouwerijweg e,o,;Dynamic;8,4;0
535;Monnikensteeg 1/1 - 1/23;Klarenbeek;Dynamic;5,4;0
1423;Zeelandsingel 98;De Laar Oost;Dynamic;4,7;0
1381;Wormerveerstraat thv 10;Elderveld Noord;Dynamic;5,3;0
445;Wellensteinlaan 15;Paasberg;Dynamic;7,5;0
440;Kloosterstraat 135-181;Paasberg;Dynamic;16,6;0
1192;Wikkestraat  62 overzijde;Zeegsingel e,o,;Dynamic;2,9;0
478;Tiendweg 4;Geitenkamp;Dynamic;4,5;0
2449(*);Goud thv nr 2 (kruising met Titanium);Schuytgraaf-Centrum;Dynamic;4,4;7
499;Van Speykstraat 1 - 57;Presikhaaf III;Dynamic;3,5;0
9020;J.P. Heijestraat;Onder de Linden;Scheduled;0;1
1034;Nijhoffstraat t/o 189;St, Marten;Scheduled;0;0
1032;St, Marten No, 3-5;St, Marten;Scheduled;0;0
341;Rappardstraat No, 14-16;Klarendal Zuid;Dynamic;3,4;0
1650;Roekenstraat 24;Monnikenhuizen;Dynamic;9,7;0
1454;Venlosingel 267;De Laar Oost;Dynamic;4,7;0
1527;Poggenbeekstraat 50;Sterrenberg;Dynamic;22,8;0
1550;Maria van Gelrestraat 15;Plattenburg;Dynamic;3,7;0
2110;Julianalaan thv, 14;Angerenstein;Dynamic;37,2;0
1418;Wissenkerkepad thv 13 overzijde;De Laar Oost;Dynamic;10,5;0
1987;IJssellaan 46 zijkant;Presikhaaf II;Dynamic;4;0
1768;Mr, P,J, Oudsingel 142;Rijkerswoerd Midden;Dynamic;12,3;0
9001;Nieuwe Havenweg;Arnhemse Broek;Scheduled;0;0
520;Cort van der Lindenlaan 2E;Monnikenhuizen;Dynamic;12,1;0
266;Wildenborglaan t/h No, 2-18;Over het Lange Water;Dynamic;6,5;0
104;Stadhoudersstraat 1;Arnhemse Broek;Dynamic;3,9;0
780;Orionsingel 314-368( Flat 1);Eimersweide;Dynamic;6,9;0
1828;Rijksweg-west 41;Elden;Dynamic;4;0
882;Lieshoutstraat t,h,v, 104;De Laar West;Dynamic;5,5;0
225;Weldamlaan 6;Over het Lange Water;Dynamic;7,2;0
1116;Grensweg 63;Geitenkamp;Dynamic;3;0
925;Oostburgwal 5 - 105(parkeerplaats);De Laar Oost;Dynamic;11,6;0
351;Rosendaalsestraat 160 - 166;Klarendal Zuid;Dynamic;12,8;0
558;Van Lawick van Pabststraat 39;Burgemeesterswijk;Dynamic;3,5;0
416;Wichard van Pontlaan 137;Plattenburg;Dynamic;6;0
1817;De Pas 70;Rijkerswoerd West;Dynamic;6,9;0
676;Veerpolderstraat t/h No, 48-50;Groene Weide;Dynamic;8,2;0
481;Schutterbergweg 26/Zaslaan;Geitenkamp;Dynamic;3,4;0
404;Velperweg 30 voor appartement;Molenbeke;Dynamic;78,1;0
793;Schepen van Ommerenstraat 387;Kronenburg;Dynamic;9,3;0
398;Thomas a Kempislaan 120;St, Janskerkstraat e,o,;Dynamic;9,7;0
120;B.P. van Verschuerstraat 20-22;Van Verschuerbuurt;Dynamic;5,5;0
1199;Pijlkruidstraat  34;Immerloo I;Dynamic;3,4;0
1886;Boterdijk parkeerplaats;Utrechtsestraat;Dynamic;15,6;0
484;Schuttersbergplein 62;Geitenkamp;Dynamic;5,5;0
607;Blauwgraspad 3;Malburgen West;Dynamic;7,4;0
190;Karel Doormanstraat 88;Presikhaaf III;Dynamic;5,4;0
2593;Koningsplein;Markt;Scheduled;0;1
846;Vlaardingenweg 105;Elderveld Zuid;Dynamic;5;0
99;Voetiuslaan 45;Statenkwartier;Dynamic;5,6;0
813;Kronenburgsingel t/o No, 191-215;Kronenburg;Dynamic;8,4;0
1558;Zijpendaalseweg 1;Burgemeesterswijk;Dynamic;7,4;0
1444;Hoek Boshovenpad / Venlosingel;De Laar Oost;Dynamic;5,9;0
1166;Toutenburgstraat 1A;Over het Lange Water;Dynamic;2,8;0
1596;Cattepoelseweg t,h,v, 201 in gazon;Alteveer/Cranevelt;Dynamic;21,2;0
646;Dovenetellaan 77;Malburgen West;Dynamic;8,1;0
2186;Vogelkersweg 52;Arnhemse Allee;Dynamic;8,4;0
477;Tiendweg  50 - 52;Geitenkamp;Dynamic;4,3;0
1493;Laan van  Presikhaaf  296;Presikhaaf II;Dynamic;7,3;0
581;Scheidiuslaan 24 - 38;Bakenberg;Dynamic;26,7;0
2419;St, Antonielaan 1;Graaf Ottoplein e,o,;Dynamic;10;0
1531;Tooropstraat 29;Sterrenberg;Dynamic;20,6;0
2014;Bakerwaard 29;Schuytgraaf-Zuid;Dynamic;7;0
615;Noordelijke Parallelweg 83;Heijenoord;Dynamic;14,8;0
1801;Simon Vestdijksingel naast 25;Rijkerswoerd Oost;Dynamic;5,7;0
362;Noord Peterstraat 46;Klarendal Noord;Dynamic;3;0
2041;Stratenmakersveste 42;Schuytgraaf-Zuid;Scheduled;6,4;0
1735;Elvis Preslystraat 29;Rijkerswoerd West;Dynamic;7,9;0
9009(*);Bergstraat thv nr 27;Stationsplein;Scheduled;0;1
1813;Hendrik Pieter Marchantstraat 4;Rijkerswoerd West;Dynamic;5,5;0
1691;Winschotenstraat naast 21;Vredenburg;Dynamic;3,2;0
1581;Frederik van Eedenstraat thv 58;Paasberg;Dynamic;11;0
211;Toutenbergstraat 1A;Over het Lange Water;Dynamic;4,7;0
18;Bloemstraat 54 2;Hommelstraat;Dynamic;4,7;0
609;Noordelijke Parallelweg 12;Brouwerijweg e,o,;Dynamic;8,5;0
599;St, Antonielaan 41;Graaf Ottoplein e,o,;Dynamic;13,3;0
244;Kinkelenburglaan kruising met Goudensteinlaan t/h No, 46;Over het Lange Water;Dynamic;6;0
289;Schoutenstraat 68 - 128 overzijde;Winkelcentrum;Dynamic;8,1;0
2040;Stapelwolk 7;Schuytgraaf-Zuid;Dynamic;4;0
199;Karel Doormanstraat 138;Presikhaaf III;Dynamic;7,8;0
881;Eindhovensingel 128;De Laar West;Dynamic;4,3;0
945;Mr, Samuel van Houtenhof t,h,v, 2-82;Rijkerswoerd West;Dynamic;8,6;0
262;Valkhofplein t,h,v 31;Over het Lange Water;Dynamic;8,4;0
493;Dr, A, Kuyperstraat 36;Geitenkamp;Dynamic;8,2;0
1620;Viottastraat naast garagebox 8H;Alteveer/Cranevelt;Dynamic;9,7;0
1213;Biezenlaan naast 50;Immerloo I;Dynamic;2,2;0
181;Carstenstraat 1 - 57;Presikhaaf III;Dynamic;6,5;0
1511;Joris van der Haagenlaan t,h,v, 35;Hoogkamp;Dynamic;19;0
2560(*);Gelderse Rooslaan thv nr 85 Mandelatoren;Malburgen-West;Dynamic;7;10
1930;Klingelbeekseweg 176 a;Klingelbeek;Dynamic;4,7;0
1528;Poggenbeekstraat 20;Sterrenberg;Dynamic;19;0
40;Spijkerstraat 130;Spijkerbuurt;Dynamic;3;0
2185;Herfsttooi 47 overzijde;Schuytgraaf-Zuid;Dynamic;5,5;0
689;Lepelbladstraat t,h,v, 24;Kamillehof;Dynamic;2,5;0
1037;Marten van Rossemstraat to 2;St, Marten;Scheduled;0;0
770;Kleefseplein 241-455;Immerloo II;Dynamic;3,1;0
405;Schavenmolenstraat bij No, 1;Molenbeke;Dynamic;20,9;0
141;Amerstraat 1 - 59;Presikhaaf I;Dynamic;23,2;0
858;Schipholplein 17;Elderveld Noord;Dynamic;4,5;0
844;Kortlandplaats 4 - 168;Elderveld Zuid;Dynamic;10,3;0
451;Braamweg 30;Hazegrietje;Dynamic;11,7;0
1717;Leeuwarden 2 overzijde(Frieslandsingel);Holthuizen;Dynamic;7,6;0
1753;Darwinstraat 18;Rijkerswoerd West;Dynamic;7,3;0
62;Rietgrachtstraat 7;Boulevardwijk;Dynamic;3,4;0
2303;B.P. Verschuerstraat;Van Verschuerbuurt;Dynamic;5,6;0
1716;Smallingerlandweg 36;Holthuizen;Dynamic;56,5;0
1738;Glenn Millerstraat thv 1;Rijkerswoerd West;Dynamic;5,1;0
174;Doeffstraat 98-144;Presikhaaf III;Dynamic;3,4;0
1809;John Grosmanstraat 6;Rijkerswoerd Oost;Dynamic;10,1;0
1500;Lange Wal 52 zijkant;Presikhaaf III;Dynamic;4;0
1394;Alkmaarsingel thv 200 overzijde;Elderhof;Dynamic;8,3;0
691;Kamillelaan 2;Kamillehof;Dynamic;2,4;0
192;De Houtmanstraat 32 - 74;Presikhaaf III;Dynamic;9,2;0
1860;Frans Halslaan 101;Gulden Bodem;Scheduled;12,1;0
1964;Honigkamp 84;Presikhaaf II;Scheduled;4,2;0
1567;Julianalaan 19;Angerenstein;Dynamic;12,3;0
125;Van Oldenbarneveldtstraat 30;Van Verschuerbuurt;Dynamic;2,9;0
623;Jachthoornlaan 10 - 76;Het Dorp / Mariëndaal;Dynamic;20,2;0
1742;Socratesstraat 13 overzijde;Rijkerswoerd West;Dynamic;9;0
178;Lange Wal 38 zijkant;Presikhaaf III;Dynamic;4,2;0
1564;Laan van Klarenbeek thv 28;Angerenstein;Dynamic;11,1;0
1440;Hoedekenskerkestraat 9;De Laar Oost;Dynamic;4,8;0
1820;Klapstraat 11;Elden;Dynamic;7,4;0
744;Clematarisstraat 47;Middelgraaflaan e,o,;Dynamic;8,6;0
1399;Reurikwei t,h,v, 28 overzijde;Elderhof;Dynamic;8,5;0
529;Compagnieplaats 213-243;Klarenbeek;Dynamic;13,5;0
10;Jufferstraat t/h No, 3-15;Hommelstraat;Dynamic;6,9;0
110;Johan de Wittlaan 236 - 256;Arnhemse Broek;Dynamic;6,3;0
387;Groot Vijverdal 1;Onder de Linden;Dynamic;38,3;0
9021;Bergstraat;Stationsplein;Scheduled;0;1
1373;Rotterdamsingel 103;Elderveld Zuid;Dynamic;3,7;0
1726;Martens Bongerd  28 overzijde;Rijkerswoerd West;Dynamic;7,3;0
670;Distellaan t,h,v, 36;Groene Weide;Dynamic;92,6;0
1806;Frida Heilstraat 10;Rijkerswoerd Oost;Dynamic;24,3;0
1149;lokaalspoor t,h,v, 34;Schuytgraaf-Noord;Dynamic;15,1;0
2162;Langstraat naast 52/69;Weverstraat;Dynamic;2,3;0
1667;Broekstraat 185;Arnhemse Broek;Dynamic;6,9;0
1227;Hofsingel thv, 47,;'t Duifje;Dynamic;4,3;0
636;Heermoesstraat 106;Malburgen West;Dynamic;13,2;0
2563;Eemslaan;;Scheduled;3,7;0
650;Zonnebloemstraat 2;Malburgen West;Dynamic;17,5;0
1143;Binnenvaart 25;Schuytgraaf-Noord;Dynamic;5,4;0
1421;Bruinissestraat 11 zijkant;De Laar Oost;Dynamic;7,6;0
1938;Orionsingel 53;Eimersweide;Dynamic;4,7;0
162;Krammerstraat 56;Presikhaaf II;Dynamic;6,9;0
320;Sloetstraat 46;Graaf Ottoplein e,o,;Dynamic;3,7;0
630;Nachtschade 37;Malburgen West;Dynamic;8,5;0
1452;Altweertstraat 2;De Laar Oost;Dynamic;6,7;0
348;Rosendaalsestraat 129 overzijde;Klarendal Zuid;Dynamic;5,2;0
414;Novalaan 7;Plattenburg;Dynamic;4,4;0
1994;Lacombléstraat 36 - 66 zijkant;Presikhaaf III;Dynamic;5,1;0
1702;Adorppad 1;Vredenburg;Dynamic;5,4;0
2008;Mooieweg t,h,v, 120;Rijkerswoerd West;Dynamic;57,8;0
675;Groene weide t/o No, 61-63;Groene Weide;Dynamic;4,3;0
2005;Emily Brontesingel 24;Rijkerswoerd Oost;Dynamic;6,3;0
2441;Klapbrug;Schuytgraaf-Noord;Dynamic;7,1;0
1724;Peppelenwei thv 66 overzijde;Rijkerswoerd West;Dynamic;9;0
760;Brandenburgseplein 1 - 474;Immerloo II;Dynamic;3;0
1601;Cattepoelseweg 273;Alteveer/Cranevelt;Dynamic;21,2;0
583;Alexanderstraat 58;Lombok;Dynamic;15,7;0
379;Noordpad t,h,v, 4;Klarendal Noord;Dynamic;4,7;0
1636;Magnoliaplein 3;Arnhemse Allee;Dynamic;10,5;0
916;Helmondstraat t,h,v, 47 overzijde;De Laar West;Dynamic;5,1;0
2020;Avondlicht 12;Schuytgraaf-Zuid;Dynamic;3;0
2019;De Hooivork 31;Schuytgraaf-Noord;Dynamic;6,1;0
1551;G,A, van Nispenstraat 18;Burgemeesterswijk;Dynamic;7,6;0
523;De Savornin Lohmanlaan 13;Monnikenhuizen;Dynamic;17,2;0
315;Sloetstraat 201;Graaf Ottoplein e,o,;Dynamic;5;0
2359;Grevelingen 53;Presikhaaf II;Dynamic;2,4;0
1802;Simon Vestdijksingel 51;Rijkerswoerd Oost;Dynamic;8,5;0
260;Matenalaan t,h,v, 2 overzijde;Over het Lange Water;Dynamic;13,4;0
1788;Roald Dahlpad 1;Rijkerswoerd Oost;Dynamic;4,5;0
717;Keizershof 2-240;'t Duifje;Dynamic;6,1;0
1704;Delfzijlstraat zijkant  1(Slochterenweg);Vredenburg;Dynamic;9;0
880;Mierlostraat t,h,v, 15;De Laar West;Dynamic;4;0
1502;Swartenhondtstraat 11;Presikhaaf III;Dynamic;9,8;0
304;Nijhoffstraat 133;St, Marten;Dynamic;5,8;0
1517;Joris v,d,Hagenlaan 23;Hoogkamp;Dynamic;51;0
1616;Helena Coetsstraat 21 (ad Peter van Anrooylaan);Alteveer/Cranevelt;Dynamic;19,1;0
647;Dovenetellaan 77;Malburgen West;Dynamic;8,7;0
151;Laan van Presikhaaf/ Zoomstraat;Presikhaaf I;Dynamic;15,7;0
711;Abe Lenstrahof 260;Bakenhof;Dynamic;6,8;0
1107;Dr, Schaepmanlaan 14 / A, Kuyperstraat t,h,v, 14;Geitenkamp;Dynamic;8,1;0
721;Bergse Hoofd 2-216;'t Duifje;Dynamic;3,7;0
1574;Roemer visscherstraat 61;Angerenstein;Dynamic;11,1;0
941;Theaterplein t,h,v, 1-3,;Rijkerswoerd Midden;Dynamic;6,6;0
662;Anemoonstraat 12;Malburgen West;Dynamic;10;0
754;Gelderseplein 241-455;Immerloo II;Dynamic;3,1;0
1698;Midwoldastraat 21;Vredenburg;Dynamic;5,3;0
1455;Venlosingel 315;De Laar Oost;Dynamic;11,3;0
2114;Kleine Oord 82 overzijde;Weverstraat;Scheduled;2;0
1557;Prümelaan 67;Angerenstein;Dynamic;16,2;0
21;Ir J,P,  van Muijlwijkstraat 53;Hommelstraat;Dynamic;5,3;0
1723;Martensbongerd 55 overzijde;Rijkerswoerd West;Scheduled;7,5;0
191;De Houtmanstraat 32 - 74;Presikhaaf III;Dynamic;6;0
95;Voetsiuslaan 14;Statenkwartier;Dynamic;5,6;0
590;Oranjestraat 58;Lombok;Dynamic;6,7;0
293;Hanzestraat 168;Winkelcentrum;Dynamic;3,6;0
1592;Bernard Zweerslaan 1;Alteveer/Cranevelt;Dynamic;13,6;0
640;Kamperfoeliestraat 5-7;Malburgen West;Dynamic;11;0
1396;Zandvoordstraat thv 34;Elderhof;Dynamic;7,3;0
1675;Nieuwe kade 12;Nieuwe Kadekwartier;Scheduled;0;0
873;Pettenstraat 57 zijkant;Elderveld Noord;Dynamic;11,9;0
1136;De Zeis 14;Schuytgraaf-Noord;Dynamic;6,7;0
32;Parkstraat 1a zijkant;Spijkerbuurt;Dynamic;3,5;0
1356;Hillegomweg 72;Elderveld Zuid;Dynamic;5,1;0
2580;Schuyt Bos begin;Schuytgraaf-Zuid;Dynamic;9,5;0
84;Johan de Wittlaan 137;Statenkwartier;Dynamic;5,3;0
952;Louis Armstronghof 95;Rijkerswoerd West;Dynamic;2,5;0
2180;Grijpskerkstraat 33;Vredenburg;Dynamic;5,1;0
2413;Groningensingel 51;Vredenburg;Dynamic;7,3;0
954;Spencerstraat 4;Rijkerswoerd West;Dynamic;6;0
993;Hoek Thomas J, Witteroosstraat/Van Olden Barneveldtstraat;Nieuwe Kadekwartier;Dynamic;2,5;0
2146;Roermondsplein 31;Weverstraat;Dynamic;9,4;0
1186;St, Laurentiuslaan 32;Zeegsingel e,o,;Dynamic;6,7;0
48;Parkstraat 61;Spijkerbuurt;Scheduled;5,1;0
801;Schepen van Ommerenstraat 132;Kronenburg;Dynamic;14,7;0
668;Margrietstraat t/h No, 33;Groene Weide;Dynamic;6,2;0
2039;Kersenplukkerserf 1 overzijde;Schuytgraaf-Zuid;Dynamic;8,3;0
2166;Doelenstraat achter Gele Rijders Plein 2;Rijnstraat;Scheduled;1,8;0
155;IJssellaan 61 - 83;Presikhaaf I;Dynamic;7,4;0
22;Bloemstraat 53;Hommelstraat;Dynamic;2,7;0
1916;Heijenoordseweg 2a schuin overzijde;Heijenoord;Dynamic;23,4;0
224;Twikkelstraat 12;Over het Lange Water;Dynamic;3,4;0
44;Spijkerstraat 245 1;Spijkerbuurt;Dynamic;5,3;0
2027;Mulderwaard t,h,v, 18;Schuytgraaf-Zuid;Dynamic;5,8;0
2034;Pallas Atheneplein 107;Schuytgraaf-Centrum;Dynamic;4,3;0
2242;Helenastraat 32;Schuytgraaf-Centrum;Dynamic;5,4;0
423;Ernst Casimirlaan 6 - 62;Plattenburg;Dynamic;10,5;0
64;Kastanjelaan 33;Boulevardwijk;Dynamic;4,4;0
594;Alexanderstraat t/h No, 205;Lombok;Dynamic;10,3;0
513;Roerdomplaan 1;Monnikenhuizen;Dynamic;3,6;0
1426;Arnemuidenstraat 39;De Laar Oost;Dynamic;10,5;0
967;Staatsspoor 33;Schuytgraaf-Noord;Dynamic;8,6;0
1649;Geelgorslaan 23;Monnikenhuizen;Dynamic;11,8;0
279;Kramersgildeplein 48 bij trafo;Winkelcentrum;Dynamic;3,3;0
494;Rozendaalseweg 649;Geitenkamp;Dynamic;16,5;0
43;Spijkerstraat 245 1;Spijkerbuurt;Dynamic;9,4;0
563;Jacob Marislaan t/h No, 77-79;Sterrenberg;Dynamic;8,1;0
1889;Boshovenstraat 3;De Laar Oost;Dynamic;8,5;0
2085;Veluwestraat 64;Brouwerijweg e,o,;Dynamic;13,3;0
586;Zuidelijke Parallelweg 185;Lombok;Dynamic;5,9;0
965;De Dissel 176;Schuytgraaf-Noord;Dynamic;8,7;0
2130;Hoogstraat 10 achterzijde;Weverstraat;Scheduled;1,8;0
898;Geldropstraat t,h,v, 50 overzijde gazon;De Laar West;Dynamic;6,7;0
1229;Hofsingel 88;'t Duifje;Dynamic;9,5;0
1524;Jacob Marislaan 20 overzijde;Sterrenberg;Dynamic;14,1;0
687;Grondelstraat 48A;Groene Weide;Dynamic;3,8;0
905(*);Bredasingel/ Erpstraat;De Laar-West;Scheduled;3,5;0
388;Verlengde Hoflaan 135;St, Janskerkstraat e,o,;Dynamic;6;0
1591;Cattepoelseweg 99;Alteveer/Cranevelt;Dynamic;33,3;0
1237;Jonkerwaard 19;Schuytgraaf-Zuid;Dynamic;7,6;0
1255;Hommelseweg thv 510;Sonsbeek Noord;Dynamic;11,7;0
1411;Aalsmeerhof thv 57;Elderhof;Dynamic;55,6;0
1319;Onderlangs 123;Utrechtsestraat;Scheduled;0;0
596;St, Elizabethshof 1 - 149;Lombok;Dynamic;9,6;0
1389;Aerdenhouthof t,h,v, 10;Elderveld Noord;Dynamic;5,2;0
350;Verlengde Hoflaan 49 - 53;Klarendal Zuid;Dynamic;6,7;0
727;Huissensestraat 238;Immerloo I;Dynamic;3,3;0
1232;Keizershof t,h,v, 242 zijkant;'t Duifje;Dynamic;3,9;0
2137;Ringdijk 47;Schuytgraaf-Noord;Dynamic;5;0
1825;Dokter H,J, Jagerstraat thv 5 overzijde;Elden;Dynamic;7,9;0
4;Looierstraat t/h No, 44-46;Rijnstraat;Scheduled;2,8;0
2061;Oude Velperweg 50;Plattenburg;Dynamic;9,7;0
935;Hariette Freezerstraat 36;Rijkerswoerd Midden;Dynamic;6,3;0
314;Verhuellstraat 26( St, Peterslaan);Graaf Ottoplein e,o,;Dynamic;3,5;0
783;Schepen v Monetariusstraat t,h,v, 59-97 achterzijde;Kronenburg;Dynamic;12,7;0
578;Josef Israellaan t/h No, 92;Hoogkamp;Dynamic;6,6;0
1533;De la Reijstraat 9/Steijnstraat 9;Transvaalbuurt;Dynamic;5,8;0
546;Lawick van Pabststraat  122;Burgemeesterswijk;Dynamic;9;0
1805;Mooieweg t,h,v, 156;Rijkerswoerd West;Dynamic;15,4;0
751;Gelderse Plein 1 - 239;Immerloo II;Dynamic;6,5;0
1807;Frida Heilstraat 5;Rijkerswoerd Oost;Dynamic;29,9;0
621;Jachthoornlaan 78 - 144;Het Dorp / Mariëndaal;Dynamic;13;0
1434;Valkenburgstraat t,h,v, 30-32;De Laar Oost;Dynamic;8,3;0
1301;Betuwestraat t,h,v, 6;Utrechtsestraat;Dynamic;3,6;0
1679;Eimerssingel West thv 20;Eimersweide;Dynamic;4,8;0
1484;Klingelbeekseweg 17;Klingelbeek;Dynamic;12,1;0
742;Lobeliastraat 40;Middelgraaflaan e,o,;Dynamic;6,1;0
1598;Beethovenlaan 33;Alteveer/Cranevelt;Dynamic;10,9;0
1536;Bakenbergseweg 162;Gulden Bodem;Dynamic;15,9;0
1609;Meyrooslaan 28 overzijde;Alteveer/Cranevelt;Dynamic;18,1;0
591;Oranjestraat 42;Lombok;Dynamic;7,9;0
746;Ribesstraat 47;Middelgraaflaan e,o,;Dynamic;7,2;0
322;St, Antonielaan t/h No, 276;Graaf Ottoplein e,o,;Dynamic;5;0
1512;Josef Israëlslaan 155;Hoogkamp;Dynamic;15;0
1773;Wim Sonneveldstraat 41;Rijkerswoerd Midden;Dynamic;3,6;0
1827;Meester Merkxstraat 1A overzijde;Elden;Dynamic;8,3;0
975;Scheepvaart 111;Schuytgraaf-Noord;Dynamic;5,3;0
2012;Bakerwaard t,h,v, 53 overzijde;Schuytgraaf-Zuid;Dynamic;10,2;0
2033;Pallas Atheneplein;Schuytgraaf-Centrum;Dynamic;2,9;0
540;De Wetstraat 24-26 overzijde;Transvaalbuurt;Dynamic;5;0
1495;Callunastraat 79 schuin overzijde;Heijenoord;Dynamic;13,5;0
373;Herenstraat t/h No, 38-44;Klarendal Noord;Dynamic;3,1;0
1414;Katwoudehof 90;Elderhof;Dynamic;5,5;0
1758;Annie Mankes Zernikestraat 25 overzijde;Rijkerswoerd Midden;Dynamic;6;0
1176;Stadswaardenlaan 40-42;Bakenhof;Dynamic;10,2;0
528;Fluweelboomstraat 16A;Arnhemse Allee;Dynamic;20,5;0
1799;Annie M,G, Schmidthof naast 2;Rijkerswoerd Oost;Dynamic;5,4;0
1881;Van Heemstralaan 12 overzijde;Gulden Bodem;Dynamic;22;0
1089;St, Janskerkstraat 164;St, Janskerkstraat e,o,;Dynamic;4;0
501;Van Maerlandstraat / Kloosterstraat;Geitenkamp;Dynamic;10,3;0
1657;Beukenlaan 26;Monnikenhuizen;Dynamic;6,5;0
1638;Pijnboomhof thv,1 overzijde;Arnhemse Allee;Dynamic;9,9;0
2074;Willem van Gullikstraat thv nr 24;Molenbeke;Dynamic;7,9;0
407;Velperweg 48;Molenbeke;Dynamic;4,1;0
2113;Kleine Oord 82 overzijde;Weverstraat;Scheduled;2;0
1823;Oosterveldsestraat 17;Elden;Dynamic;8,9;0
360;Agnietenplaats 2;Klarendal Noord;Dynamic;4,3;0
171;Van Borselenstraat 1;Presikhaaf III;Dynamic;9,5;0
972;Zeilvaart 2;Schuytgraaf-Noord;Dynamic;5,1;0
313;Sloetstraat 201;Graaf Ottoplein e,o,;Dynamic;5,8;0
912;Bredasingel 74 - 76;De Laar West;Dynamic;3,5;0
533;Infanteriestraat 114;Klarenbeek;Dynamic;20,6;0
1619;Amrorijstraat 7 /Wolflaan;Alteveer/Cranevelt;Dynamic;12,3;0
831;Groningensingel 961-1045;Vredenburg;Dynamic;7;0
1597;Beethovenlaan 41;Alteveer/Cranevelt;Dynamic;10,1;0
1435;Bingelradestraat 54-58 zijkant;De Laar Oost;Dynamic;5,3;0
1939;Brunelsingel 98 zijkant;Malburgen West;Dynamic;3,8;0
665;Margrietstraat  69 overzijde;Groene Weide;Dynamic;4,4;0
356;Rosendaalsestraat 160 - 166;Klarendal Zuid;Dynamic;7,3;0
249;Kraaiensteinlaan t,h,v, 20 zijkant;Over het Lange Water;Dynamic;3,6;0
179;Dedelstraat 1 - 57;Presikhaaf III;Dynamic;3,1;0
237;Wijenburglaan t,h,v, 20 zijkant;Over het Lange Water;Dynamic;6,4;0
256;Kamphuizenlaan t,h,v, 1-71,;Over het Lange Water;Dynamic;6,9;0
9011;Schuytbos;Schuytgraaf-Zuid;Scheduled;0;1
2579;Goud - thv 86;Schuytgraaf Centrum;Dynamic;5,5;14
144;Zoomstraat 2 - 172;Presikhaaf I;Dynamic;11,6;0
158;Slaakweg t/h No, 233-277;Presikhaaf II;Dynamic;6,5;0
1555;Van Pallandtstraat 21;Burgemeesterswijk;Dynamic;7,8;0
951;Willem Dreessingel t/h No, 311;Rijkerswoerd West;Dynamic;4,8;0
2136;Roggestraat 1;Markt;Scheduled;2,4;0
1677;Stadshoudersstraat 213;Arnhemse Broek;Dynamic;2,6;0
3;Looierstraat t/h No, 12-14;Rijnstraat;Scheduled;2,6;0
413;Novalaan t/h No, 63;Terrein ENKA;Dynamic;5,4;0
1719;Drentesingel 97;Vredenburg;Dynamic;8,1;0
2112;Elderhofseweg / Westerveldsestraat;Elden;Dynamic;5,1;0
2142;Rodenburgstraat/Rijnkade;Weverstraat;Dynamic;4,1;0
1233;IJzerappelgaard  14;De Overmaat;Dynamic;17,3;0
1718;Gaasterlandstraat 2(naast);Holthuizen;Dynamic;17,2;0
280;Kramersgildeplein 48 bij trafo;Winkelcentrum;Dynamic;4;0
1577;P,C, Hooftstraat 38;Paasberg;Dynamic;20,4;0
15;Spoorwegstraat 65(Zijkant)/Oude Klarendalseweg;Hommelstraat;Dynamic;4,2;0
700;Engelwortelstraat t,h,v, 3;Kamillehof;Dynamic;2,9;0
397;Rosendaalsestraat t/h No, 468;St, Janskerkstraat e,o,;Dynamic;4,2;0
705;Venkelstraat 13 tegenover;Kamillehof;Dynamic;3,3;0
748;Akkerwindestraat 76;Zeegsingel e,o,;Dynamic;4,6;0
1548;Midasstraat naast ingang parkeerplaats;Schuytgraaf-Zuid;Dynamic;4;0
53;Emmastraat 33;Spijkerbuurt;Dynamic;5,4;0
1463;Abshovenpad t,h,v, 26;De Laar Oost;Dynamic;5,8;0
2021;Het Hout 65;Schuytgraaf-Zuid;Dynamic;9,1;0
343;Klarendalseweg 455 zijkant;Klarendal Zuid;Dynamic;2,8;0
23;Steenstraat 97;Hommelstraat;Scheduled;2,1;0
390;Verlengde Hoflaan 100;St, Janskerkstraat e,o,;Dynamic;6,5;0
72;Prins Hendrikstraat 63;Boulevardwijk;Dynamic;7,2;14
197;Keulse Slag 100;Presikhaaf III;Dynamic;4;0
1489;Haringvlietstraat 29;Presikhaaf II;Dynamic;3,7;0
1635;Esdoornstraat thv, 20;Arnhemse Allee;Dynamic;7,7;0
1115;Grensweg 39;Arnhemse Allee;Dynamic;9,1;0
77;Boulevard Heuvelink  194;Boulevardwijk;Dynamic;6,3;0
833;Groningensingel 233 - 435(flat Ravestein/Rhynestein);Vredenburg;Dynamic;28,4;0
328;Graaf Lodewijkstraat 36 zijkant;Graaf Ottoplein e,o,;Dynamic;6,4;0
1118;Beukenlaan 158 overzijde;Klarenbeek;Dynamic;5,6;0
195;Karel Doormanstraat 1;Presikhaaf III;Dynamic;9,1;0
1359;Oegstgeeststraat 1;Elderveld Zuid;Dynamic;6,3;0
396;Rosendaalsestraat t/h No, 408;St, Janskerkstraat e,o,;Dynamic;7,4;0
1849;Schepen van Leijdeckerstraat naast 3 overzijde;Kronenburg;Dynamic;4,9;0
1549;Maria van Gelrestraat 69 overzijde;Plattenburg;Dynamic;4,6;0
1400;Vrouwenburgerswei 25;Elderhof;Dynamic;9,9;0
460;Mendelssohnlaan / Viottastraat 1;Alteveer/Cranevelt;Dynamic;6,8;0
446;Velperweg 196;Paasberg;Dynamic;8,8;0
421;Esperantolaan 4-34;Plattenburg;Dynamic;20,2;0
1079;Vijverlaan t,h,v, 16;St, Janskerkstraat e,o,;Dynamic;6,6;0
128;Maaslaan t,h,v, 20;Presikhaaf I;Dynamic;7,5;0
1281;Dalweg t,h,v, 35 middenberm;Sonsbeek Noord;Dynamic;13,3;0
790;Schepen van Ommerenplein 3 - 131 achterzijde;Kronenburg;Scheduled;8,3;0
1651;Merelstraat thv,23;Monnikenhuizen;Dynamic;4,7;0
1395;Zandvoortstraat 11 zijkant;Elderhof;Dynamic;16,1;0
475;Beethovenlaan / Sweelincklaan;Alteveer/Cranevelt;Dynamic;4,3;0
815;Loppersumhof 162;Vredenburg;Dynamic;3,7;0
1534;Steijnstraat 2 overzijde;Transvaalbuurt;Dynamic;13,5;0
137;Vrij Nederlandstraat 42 overzijde;Presikhaaf I;Scheduled;2,8;0
9048;Park Presikhaaf;;None;0;14
2132;Vossenstraat thv, 111;Weverstraat;Dynamic;3,7;0
2128;Rodenburgstraat thv, 2-18;Markt;Dynamic;5,7;0
1589;De Goeijenlaan 58;Angerenstein;Scheduled;42;0
248;Nijenbeeklaan t,h,v, 17;Over het Lange Water;Dynamic;2,6;0
877;Tilburgweg t,h,v, 66 zijkant;De Laar West;Dynamic;3,2;0
634;Madelievenstraat 2;Malburgen West;Dynamic;3;0
664;Klaverlaan 4 - 130;Malburgen West;Dynamic;5,3;0
933;Haya van Someren Downerstraat 3-111 overzijde;Rijkerswoerd Midden;Dynamic;7,8;0
424;Beatrixstraat t/h No, 48;Angerenstein;Dynamic;8,4;0
1122;Dennenweg t,h,v, 101;Arnhemse Allee;Dynamic;4,9;0
496;Geitenkamp t/h No, 1-3;Geitenkamp;Dynamic;2,6;0
1703;Appingedamstraat thv, 6 overzijde;Vredenburg;Dynamic;8,3;0
1756;Mr, P,J, Oudsingel 33;Rijkerswoerd Midden;Dynamic;3,8;0
274;Doorwerthlaan / Verwoldelaan;Over het Lange Water;Dynamic;3,1;0
92;Johan de Wittlaan 277 - 283;Statenkwartier;Dynamic;4,5;0
1804;Mooieweg 25A;Rijkerswoerd Oost;Dynamic;9,4;0
130;Vrij Nederlandstraat 2 overzijde;Presikhaaf I;Dynamic;5,8;0
644;Andoornstraat 2;Malburgen West;Dynamic;6,9;0
145;Waalstraat 2;Presikhaaf I;Dynamic;4;0
1975;Zuilesteinlaan 26;Elsweide;Dynamic;7,1;0
352;Solostraat 19 - 27;Klarendal Zuid;Dynamic;5,6;0
1439;Meliskerkestraat 43 overzijde;De Laar Oost;Dynamic;3,3;0
579;Josef Israëllaan  56;Hoogkamp;Dynamic;5,3;0
555;G,A,van Nispenstraat 100;Burgemeesterswijk;Dynamic;8,9;0
2156;Willemsplein 34;Rijnstraat;Scheduled;3,5;0
612;Frombergdwarsstraat 37;Brouwerijweg e,o,;Dynamic;4,6;0
587;Alexanderstraat / Oranjestraat;Lombok;Dynamic;6,6;0
762;Brandenburgseplein 241-455;Immerloo II;Dynamic;3,7;0
913;Bredasingel 74 - 76;De Laar West;Dynamic;6,2;0
924;Bakheidehof 1 zijkant;De Laar Oost;Dynamic;4,5;0
1451;Altweertstraat t,h,v, 56;De Laar Oost;Dynamic;6,2;0
1347;Zenegroen 28;Malburgen West;Dynamic;8,8;0
1668;Broekstraat 201;Arnhemse Broek;Dynamic;4,9;0
1663;Regiment Pioniers 28;Klarenbeek;Dynamic;17,2;0
116;Johan de Wittlaan 304;Arnhemse Broek;Dynamic;6,2;0
1130;Het wagenwiel 1;Schuytgraaf-Noord;Dynamic;5,6;0
384;Lindenheuvel 21;Onder de Linden;Dynamic;11,8;0
1610;Debussystraat thv 7;Alteveer/Cranevelt;Dynamic;11,8;0
888;Lieshoutstraat/ Tilburgweg;De Laar West;Scheduled;4;0
2438;Sontatestraat;Elden;Dynamic;12,9;0
393;Rosendaalsestraat 337;St, Janskerkstraat e,o,;Dynamic;6,3;0
921;Aagtekerkesingel 22;De Laar Oost;Dynamic;6,7;0
1422;Domburgpad thv 30;De Laar Oost;Dynamic;6,7;0
1309;Bergstraat t,h,v, 35;Stationsplein;Dynamic;5,3;0
1109;Dr, Schaepmanstraat 52;Geitenkamp;Dynamic;5,4;0
1795;W,F, Hermansstraat 2;Rijkerswoerd Oost;Dynamic;5;0
1472;Landsgraafstraat 73;De Laar Oost;Dynamic;7,4;0
1157;Zwaluwstraat 30 schuin ad overzijde;Onder de Linden;Dynamic;9,8;0
827;Groningensingel 653 - 753(flat Sandenburg);Vredenburg;Dynamic;5,3;0
2045;Pontanuslaan 84 zijkant;Sonsbeek Noord;Dynamic;8,6;0
985;Fruittelerserf 9;Schuytgraaf-Zuid;Dynamic;3,4;0
1151;Laan van de 17e September 2;Schuytgraaf-Noord;Dynamic;9,3;0
2569;Oosterscheldekering;Schuytgraaf-Noord;Scheduled;6,7;14
1465;Limburgsingel 25 (garagebox);De Laar Oost;Dynamic;6,1;0
915;Helmondstraat t,h,v, 1 zijkant;De Laar West;Dynamic;3,3;0
1856;Schepen Ringenberghstraat 23 zijkant;Kronenburg;Dynamic;4,7;0
759;Brandenburgseplein 1 - 474;Immerloo II;Dynamic;5,8;0
2450*;Levanter;Schytgraaf-Zuid;Dynamic;5,1;0
544;Izaäk Evertslaan  72;Burgemeesterswijk;Dynamic;6,7;0
186;Karel Doormanstraat 45;Presikhaaf III;Dynamic;4,6;0
172;Van Borselenstraat 114 - 168;Presikhaaf III;Dynamic;5,3;0
604;Veluwestraat 4 - 6;Brouwerijweg e,o,;Dynamic;4,3;0
2160;Ariën Verhoeffstraat naast Provinciehuis;Markt;Scheduled;3,2;0
1430;Melickstraat 14;De Laar Oost;Dynamic;3,4;0
737;Hortensiastraat  3-31;Middelgraaflaan e,o,;Dynamic;8;0
1937(*);Watermunstraat;;Dynamic;4,1;0
2129;Rodenburgstraat thv, 2-18;Markt;Dynamic;4,3;0
1630;Plataanstraat 60;Arnhemse Allee;Dynamic;17;0
805;Schepen van Voorsthof;Kronenburg;Dynamic;4;0
2356;Velperweg 49;Velperweg Noord;Dynamic;4,8;0
1126;Koningskers t,h,v,27;Schuytgraaf-Noord;Dynamic;5,6;0
307;van Hasseltstraat thv nr 60;St, Marten;Dynamic;10,4;0
1103;Raapopseweg 1a zijkant;Velperweg Noord;Dynamic;7,1;0
931;Emily Brontesingel 107 / Bastion;Rijkerswoerd Oost;Dynamic;8,2;0
834;Groningensingel 233 - 435(flat Ravestein/Rhynestein);Vredenburg;Dynamic;7,9;0
1584;Paasberglaan 11;Paasberg;Dynamic;11,4;0
1461;Limburgsingel 80;De Laar Oost;Dynamic;5,7;0
204;Bontekoestraat 9;Presikhaaf III;Dynamic;4,7;0
436;de Goeijenlaan 5;Paasberg;Dynamic;15,3;0
2184;Parnassusstraat bij parkeerplaats;Schuytgraaf-Noord;Dynamic;6,8;0
1198;Kalmoesstraat 51 zijkant;Immerloo I;Dynamic;7;0
2164;Kerkstraat/Pastoorstraat;Weverstraat;Scheduled;2,7;0
168;Doeffstraat 2 - 48;Presikhaaf III;Dynamic;5,3;0
1785;Emily Brontesingel 52;Rijkerswoerd Oost;Dynamic;7,2;0
1603;Cattepoelseweg 280;Alteveer/Cranevelt;Dynamic;10,2;0
2559;Sonsbeeksingel;Klarendal-Zuid;Scheduled;0;1
1752;Dr, Joop den Uylsingel 109;Rijkerswoerd West;Dynamic;5,5;0
909;Oosterhoutstraat t,h,v, 1;De Laar West;Dynamic;5,4;0
1307;Bergstraat 27;Stationsplein;Scheduled;2,8;0
1185;Van Berkumstraat 48;Zeegsingel e,o,;Dynamic;3,5;0
1741;Pythagoras thv 40 zijkant(Socratesstraat);Rijkerswoerd West;Dynamic;10,2;0
9018;Sonsbeek park uitgang;Transvaalbuurt;None;0;1
2466(*);Westervoortsedijk;Nieuwe Kadekwartier;Scheduled;4;0
2138;Jansbuitensingel 24;Janssingel;Scheduled;0;0
649;Zonnebloemstraat 2;Malburgen West;Dynamic;13,7;0
782;Eimerssingel West 21-77;Eimersweide;Dynamic;4,6;0
1696;Onstweddestraat t,h,v, 13 overzijde;Vredenburg;Dynamic;3;0
1749;Da Vincistraat t,h,v, 1;Rijkerswoerd West;Dynamic;7,5;0
49;Spijkerstraat 287;Spijkerbuurt;Dynamic;2,6;0
637;Zonnedauwweg naast nr 61;Malburgen West;Dynamic;6,7;0
710;Abe Lenstrahof 2 - 130;Bakenhof;Dynamic;2;0
1187;St, Laurentiuslaan 47;Zeegsingel e,o,;Dynamic;7,2;0
1424;Zierikzeestraat thv 65;De Laar Oost;Dynamic;5,5;0
1449;Limburgsingel 125 overzijde;De Laar Oost;Dynamic;5,6;0
234;Cannenburglaan 17;Over het Lange Water;Dynamic;2,7;0
641;Lupinestraat 11;Malburgen West;Scheduled;6,4;0
400;Dr J,C, Hartogslaan 19;Velperweg Noord;Dynamic;15,2;0
1537;Van Ostadestraat 1;Gulden Bodem;Dynamic;13,4;0
605;Noordelijke Parallelweg 28;Brouwerijweg e,o,;Dynamic;7,3;0
847;Lexmondplaats 24;Elderveld Zuid;Dynamic;8,6;0
1155;Laan van de Gealieerden 10;Schuytgraaf-Noord;Dynamic;8,5;0
1134;De Dissel t,h,v, 152;Schuytgraaf-Noord;Dynamic;10,7;0
1629;Lindestraat thv 1 zijkant;Arnhemse Allee;Dynamic;9,2;0
126;Van Oldebarneveldstraat 86;Van Verschuerbuurt;Dynamic;5,4;0
2245;Eimerseiland 37-95;Eimersweide;Dynamic;13,4;0
1289;Pontanuslaan 20;Sonsbeek Noord;Dynamic;17,4;0
1783;Mr, P,S, Gerbrandysingel 81;Rijkerswoerd Oost;Dynamic;11,6;0
317;Graaf Ottoplein 8;Graaf Ottoplein e,o,;Dynamic;3,6;0
1912;Alexanderstraat 143;Lombok;Dynamic;5,5;0
1708;Wolvegastraat 15;Holthuizen;Dynamic;15,6;0
1532;Colenbranderstraat 17;Sterrenberg;Dynamic;19,8;0
2161;Ariën Verhoeffstraat naast Provinciehuis;Markt;Scheduled;5;0
584;Alexanderstraat 58;Lombok;Dynamic;6,1;0
704;Kruidenplein 34;Kamillehof;Dynamic;7,3;0
840;Kromwijkplaats 6a - 160;Elderveld Zuid;Dynamic;4,5;0
889;Sint Oederodestraat / Vughtstraat;De Laar West;Dynamic;3,8;0
1818;De Pas 15 zijkant;Rijkerswoerd West;Dynamic;10,6;0
1188;Akkerwindstraat 14 overzijde;Middelgraaflaan e,o,;Dynamic;3,6;0
714;Kea Boumanstraat 92 - 136;Bakenhof;Dynamic;6,6;0
1129;Graanhoeve 30 zijkant,;Schuytgraaf-Noord;Dynamic;6,1;0
194;Keulse Slag 84;Presikhaaf III;Dynamic;5,1;0
1992;Laan van Presikhaaf 280;Presikhaaf II;Dynamic;3,9;0
655;Pastinaakstraat  2 - 24;Malburgen West;Dynamic;5,5;0
2122;Broerenstraat tegenover ingang parkeergarage;Markt;Scheduled;6,6;0
1239;Tolgaardewaard 33 zijkant;Schuytgraaf-Zuid;Dynamic;4,5;0
2011;Arcadiastraat 24;Schuytgraaf-Centrum;Dynamic;4,9;0
214;Kinderkamp / Middachtensingel;Over het Lange Water;Dynamic;10;0
763;Brandenburgseplein 241-455;Immerloo II;Dynamic;7,8;0
1496;Bremstraat 71;Heijenoord;Dynamic;10,5;0
13;Ir, J,P, van Muijlwijkstraat 48;Hommelstraat;Dynamic;14,1;0
308;van Hasseltstraat thv nr 60;St, Marten;Dynamic;4,4;0
37;Driekoningendwarsstraat 2a;Spijkerbuurt;Dynamic;3,1;0
236;Wijenburglaan t,h,v, 20 zijkant;Over het Lange Water;Dynamic;6,9;0
83;Johan de Wittlaan 69;Statenkwartier;Dynamic;5,2;0
953;John Lennonstraat 3;Rijkerswoerd West;Dynamic;4,1;0
506;Franciscanenstraat t/h No, 4-6;Monnikenhuizen;Dynamic;45,7;0
86;Thorbeckestraat t,o, 34;Statenkwartier;Dynamic;8,5;0
785;Schepen van Hemertstraat t,h,v, 4;Kronenburg;Dynamic;4;0
1522;Jacob Marislaan thv 1;Sterrenberg;Dynamic;16,8;0
2106;Saksen Coburg 4;Klarenbeek;Dynamic;6,2;0
503;Monnikensteeg thv, 200/258;Monnikenhuizen;Dynamic;7,6;0
1707;Eernewoudeweg 34;Holthuizen;Dynamic;29,6;0
215;Lage Waard 38;Over het Lange Water;Dynamic;6,4;0
1154;Laan van Vrede  8;Schuytgraaf-Noord;Dynamic;5;0
1450;Limburgsingel 91 overzijde;De Laar Oost;Dynamic;5,4;0
1264;Polluxstraat 130;Schuytgraaf-Centrum;Dynamic;3,9;0
1059;Spijkerstraat 335;Spijkerbuurt;Dynamic;9,3;0
1764;Achter de Coulissen t,h,v, 1 achterzijde;Rijkerswoerd Midden;Dynamic;5,2;0
228;Kleine Durk 38;Over het Lange Water;Dynamic;5,3;0
856;De Burcht 16-50;Elderveld Noord;Dynamic;6,7;0
648;Dovenetellaan 24;Malburgen West;Dynamic;10,5;0
1571;Bronbeeklaan 5;Paasberg;Dynamic;10,2;0
1390;Hilversumstraat thv 98 zijkant;Elderveld Noord;Dynamic;8,8;0
57;Eusebiusbuitensingel 32;Boulevardwijk;Dynamic;2,9;0
1446;Venlosingel 185;De Laar Oost;Dynamic;5,7;0
270;Wildenborglaan t/h No, 30-36;Over het Lange Water;Dynamic;3,5;0
9019;Wassenaarweg;Elderveld Zuid;Scheduled;0;0
290;Hisveltplein 2 - 162;Winkelcentrum;Dynamic;7,2;0
507;Dominicanenweg 83;Monnikenhuizen;Dynamic;18,8;0
1464;Aasterbergstraat 9;De Laar Oost;Dynamic;6,3;0
232;Loevesteinlaan 32a;Over het Lange Water;Dynamic;3,6;0
213;Kermisland 22-108  achterkant;Over het Lange Water;Dynamic;8,8;0
611;Rozenstraat t/h No, 47-49;Brouwerijweg e,o,;Dynamic;6,5;0
90;Johan de Wittlaan t/h No, 211-215;Statenkwartier;Dynamic;3,5;0
106;Johan de Wittlaan 164-166;Arnhemse Broek;Dynamic;5;0
444;Velperweg t,h,v, 170;Paasberg;Dynamic;8,4;0
1405;Hagemanswei 101 zijkant;Elderhof;Dynamic;12,4;0
982;Frankenveld 5;Schuytgraaf-Zuid;Dynamic;3,2;0
2026;Lokaalspoor 2;Schuytgraaf-Noord;Dynamic;5,9;0
1775;Meester J,M, de Kempenaersingel 41 overzijde;Rijkerswoerd Midden;Dynamic;5,4;0
1815;De Pas 44A;Rijkerswoerd West;Dynamic;11,5;0
1420;Zierikzeestraat 1;De Laar Oost;Dynamic;3,7;0
1337;Paardebloemstraat naast nr, 72;Malburgen West;Dynamic;8,1;0
240;Middachtensingel t/h No, 100-178;Over het Lange Water;Dynamic;10,2;0
472;Beethovelaan 42 / Malerstraat;Alteveer/Cranevelt;Dynamic;22,2;0
1745;Marcusestraat 21;Rijkerswoerd West;Dynamic;5,3;0
1293;Heselbercherweg t,h,v, 4;Sonsbeek Noord;Dynamic;14,2;0
12;Hommelstraat 50;Hommelstraat;Dynamic;3,6;0
1632;Populierstraat  40;Arnhemse Allee;Dynamic;7,3;0
1228;Hofsingel 58;'t Duifje;Dynamic;7,2;0
447;Lovinklaan t/h No, 49-75;Sonsbeek Noord;Dynamic;13;0
1146;Lokaalspoor 19;Schuytgraaf-Noord;Dynamic;9;0
42;Driekoningenstraat 10 2;Spijkerbuurt;Dynamic;2,1;0
382;J,P, Heijestraat 53 -  55;Onder de Linden;Dynamic;217,4;0
301;De Wiltstraat t/h No, 15-17;St, Marten;Dynamic;6,1;0
1392;Alkmaarsingel thv 336;Elderhof;Dynamic;6,2;0
409;Molenbeekstraat / Sasboutstraat No, 18;Molenbeke;Dynamic;6,4;0
20;Noord en Zuidstraat 37;Hommelstraat;Dynamic;3,9;0
1408;Hagemanswei t,h,v, 73 zijkant;Elderhof;Dynamic;14;0
656;Dovenetellaan 10-12;Malburgen West;Dynamic;9,4;0
327;Staringplein 2;Klarendal Noord;Dynamic;5,7;0
1101;Römerselaan t,o, 38;Velperweg Noord;Dynamic;10,2;0
918;Randweg 1-49;De Laar Oost;Dynamic;5,4;0
1690;Oudeschanspad thv 1 zijkant;Vredenburg;Dynamic;4,8;0
1774;Mr, J,M, de Kempenaersingel 28A;Rijkerswoerd Midden;Dynamic;3,6;0
1123;Kloosterstraat t,h,v, 5;Geitenkamp;Dynamic;14,8;0
9015(*);Dr. C. Lelyweg;Arnhems Broek;Scheduled;0;0
1582;Jac, Van Looystraat thv 58;Paasberg;Dynamic;15,6;0
410;Tivolilaan;Terrein ENKA;Dynamic;8,9;0
326;Naëll Tynnegieterstraat 62 - 64;Graaf Ottoplein e,o,;Dynamic;8,7;0
1687;Slochterenweg thv 1;Vredenburg;Dynamic;8,6;0
1317;Onderlangs 111;Utrechtsestraat;Scheduled;0;0
1803;Wessel Couzijnhof 67;Rijkerswoerd Oost;Scheduled;10,1;0
755;Gelderseplein 241-455;Immerloo II;Dynamic;9,9;0
1476;Oranjestraat 2;Lombok;Dynamic;6,5;0
1730;Mooieweg 13c zijkant;Rijkerswoerd West;Dynamic;7,2;0
114;Johan de Wittlaan 272-274;Arnhemse Broek;Dynamic;6,9;0
1829;Hennepstraat 65 zijkant;Elden;Dynamic;7,7;0
46;Hertogstraat;Spijkerbuurt;Scheduled;2,5;7
902;Bredasingel 13;De Laar West;Dynamic;5,4;0
2179;Ringdijk 25;Schuytgraaf-Noord;Dynamic;4,6;0
1174;Stadswaardenlaan t,h,v, 24-26;Bakenhof;Dynamic;5,1;0
1658;Beukenlaan 34;Monnikenhuizen;Dynamic;6,5;0
971;Kustvaart t/h No, 163;Schuytgraaf-Noord;Dynamic;11,8;0
35;Spijkerstraat 185(de Lommerd);Spijkerbuurt;Dynamic;3,4;0
335;Klarendalseweg 495;Klarendal Zuid;Dynamic;3,3;0
509;Dominicanenweg 55;Monnikenhuizen;Dynamic;14,5;0
450;Dalweg t/h No, 26 middenberm;Sonsbeek Noord;Dynamic;19,5;0
2063;Prümelaan 3;Angerenstein;Dynamic;8,8;0
1150;Staatsspoor 1 zijkant;Schuytgraaf-Noord;Dynamic;8,5;0
908;Cuijkstraat 1;De Laar West;Dynamic;3,6;0
752;Gelderse Plein 1 - 239;Immerloo II;Dynamic;3,5;0
618;Hulkesteinseweg  2;Klingelbeek;Dynamic;5;0
166;Roompotstraat t/h No, 220;Presikhaaf II;Dynamic;4,9;0
616;Noordelijke Parallelweg 71;Heijenoord;Dynamic;9,3;0
1711;Franekerstraat naast 2;Holthuizen;Dynamic;10,3;0
1093;Talmaplein 25;Onder de Linden;Dynamic;6;0
131;Scheldestraat 2;Presikhaaf I;Dynamic;9,6;0
2448(*);Opusstraat (naast Rijksweg West);Elden;Dynamic;9,4;0
1035;Nijhoffstraat t/o 189;St, Marten;Scheduled;0;0
958;Sterappelgaard (plein);De Overmaat;Dynamic;5,3;0
150;Laan van Presikhaaf/ Zoomstraat;Presikhaaf I;Dynamic;29,9;0
340;Catharijnestraat 143 overzijde;Klarendal Zuid;Scheduled;5,5;0
1321;Hazelaarstraat 1 naast;Malburgen West;Dynamic;5;0
324;Sloetstraat 2;Graaf Ottoplein e,o,;Dynamic;3,6;0
564;Gabrielstraat 38 overzijde;Sterrenberg;Dynamic;5;0
103;Stadhoudersstraat 1;Arnhemse Broek;Dynamic;8,1;0
853;Kedichempad 2;Elderveld Zuid;Dynamic;11,6;0
344;Willemsstraat 45 / Rappartstraat;Klarendal Zuid;Dynamic;4;0
1580;Jacques Perkstraat 24 zijkant(Jac, van Looystraat);Paasberg;Dynamic;8,8;0
1246;Rentemeesterwaard 140;Schuytgraaf-Zuid;Dynamic;11,7;0
694;Korianderstraat 2;Kamillehof;Dynamic;3,2;0
1003;Floritzstraat 2;Presikhaaf III;Dynamic;4,4;0
1606;Catherina van Rennesstraat 20;Alteveer/Cranevelt;Dynamic;9,3;0
1487;Klingelbeekseweg 60;Klingelbeek;Dynamic;9;0
1374;Alblasserdamstraat 10 zijkant;Elderveld Zuid;Dynamic;8,7;0
1664;Regiment Pontonniers 43;Klarenbeek;Dynamic;56,8;0
1814;Hendrik Pieter Marchantstraat 42;Rijkerswoerd West;Dynamic;12,4;0
773;Orionsingel 110-258 (Flat 3);Eimersweide;Dynamic;6,7;0
1894;Charley Bosveldhof 37;Bakenhof;Dynamic;9,6;0
1974;Zorgvlietstraat 1;Elsweide;Dynamic;11,1;0
1510;Breitnerstraat 96 overzijde;Hoogkamp;Dynamic;13,9;0
380;Spijkerlaan 43;Spijkerbuurt;Dynamic;2,2;0
1965;Zuilesteinlaan 34;Elsweide;Dynamic;3,9;0
65;Kastanjelaan 33;Boulevardwijk;Dynamic;7,1;0
205;Keulse Slag 140;Presikhaaf III;Dynamic;2,9;0
201;Bonte Koestraat 1;Presikhaaf III;Dynamic;5,4;0
2116;Beekstraat 40;Markt;Dynamic;4,9;0
329;Hommelseweg 205/207;Graaf Ottoplein e,o,;Dynamic;5,3;0
1959;Gildemeesterplein 2-294;Winkelcentrum;Dynamic;3,6;0
1251;Het Hout 70 overzijde,;Schuytgraaf-Zuid;Dynamic;8,2;0
1172;Fanny Blankers-Koenstraat 47;Bakenhof;Dynamic;7,8;0
87;Thorbeckestraat t,o, 34;Statenkwartier;Dynamic;9,9;0
185;Van der Goesstraat 15 overzijde;Presikhaaf III;Dynamic;6,4;0
366;Noord-peterstraat 64;Klarendal Noord;Dynamic;8;0
1607;Willem Pijperstraat  21;Alteveer/Cranevelt;Dynamic;12,7;0
2472(*);Ir. van Muijlwijkstraat;Hommelstraat;Dynamic;5,7;0
269;Kamphuizerlaan t/h No, 75-89;Over het Lange Water;Dynamic;6,4;0
1080;Vijverlaan 97;Onder de Linden;Dynamic;10,5;0
142;Roompotstraat 202/164;Presikhaaf II;Scheduled;6,6;0
394;Leeuwensteinplein 6;St, Janskerkstraat e,o,;Dynamic;9,1;0
2170;Vossenstraat thv, 111;Weverstraat;Dynamic;6,7;0
1139;De Maaidorser 101;Schuytgraaf-Noord;Dynamic;14,3;0
325;Leoninusstraat 62 - 64;Graaf Ottoplein e,o,;Dynamic;4,8;0
345;Rosendaalsestaat 53 overzijde;Klarendal Zuid;Dynamic;4,5;0
779;Orionsingel 260-312 (Flat 2);Eimersweide;Dynamic;3,8;0
521;Dr, Nolenslaan t/h No, 11-13;Monnikenhuizen;Dynamic;9,2;0
589;Oranjestraat 90;Lombok;Dynamic;6,9;0
814;Kronenburgsingel t/o No, 67;Kronenburg;Dynamic;6;0
2015;Byblisstraat 44;Schuytgraaf-Centrum;Dynamic;3,7;0
1397;Purmerendstraat t,h,v, 70;Elderhof;Dynamic;8,8;0
339;Catharijnestraat 143;Klarendal Zuid;Scheduled;6,3;0
659;Bolderikstraat 12;Malburgen West;Dynamic;6,2;0
375;Klarendalseweg / Stalstraat;Klarendal Noord;Dynamic;6,5;0
1128;Meikers thv 52;Schuytgraaf-Noord;Dynamic;8,4;0
1161;Sonsbeeksingel 144;Klarendal Zuid;Scheduled;0;0
88;Heinsiushof Parkeerplaats;Statenkwartier;Dynamic;5,1;0
1515;Mesdaglaan 8;Hoogkamp;Dynamic;5,6;0
2031(*);Pallas Atheneplein;Schuytgraaf-Centrum;Dynamic;3,6;0
9043;Stadsblokkenweg;Meinerswijk / De Praets;Scheduled;0;0
547;Burgemeester Weertsstraat 91;Burgemeesterswijk;Dynamic;3,2;0
1140;Zeevaart tegenover 269;Schuytgraaf-Noord;Dynamic;4,8;0
78;Statenlaan t/h No, 3-5;Statenkwartier;Dynamic;5,1;0
854;Kinderdijkpad thv 2 - 12;Elderveld Zuid;Dynamic;9,2;0
808;Kronenburgsingel t/o 243-307;Kronenburg;Dynamic;7,1;0
878;Wanroijhof t,h,v, 81;De Laar West;Dynamic;4,2;0
1798;Simon Vestdijksingel naast nr, 62;Rijkerswoerd Oost;Dynamic;5,1;0
2473(*);Zilver thv 117;Schuytgraaf Centrum;Dynamic;4,6;14
560;Sweerts de Landasstraat t/h No, 85;Burgemeesterswijk;Dynamic;3,2;2
1700;Ezingestraat thv 26 zijkant;Vredenburg;Dynamic;3,9;0
1336;Dovenetellaan 48;Malburgen West;Dynamic;6;0
1599;Bachlaan 44 overzijde;Alteveer/Cranevelt;Dynamic;8,5;0
986;Fruittelerserf  43/ Kersenplukkerserf;Schuytgraaf-Zuid;Dynamic;4,6;0
1569;Roemer Visscherstraat 14;Paasberg;Dynamic;21,5;0
470;Oremusplein 1 - 55;Alteveer/Cranevelt;Dynamic;8,7;0
1352;Leerdamstraat t,h,v, 10;Elderveld Zuid;Dynamic;6,9;0
526;Fluweelboomstraat 16A;Arnhemse Allee;Dynamic;14;0
1406;Purmerendstraat 2;Elderhof;Dynamic;9,3;0
1669;Heemskerckstraat 59;Arnhemse Broek;Dynamic;6,9;0
369;Agnietenstraat 185 overzijde;Klarendal Noord;Dynamic;6,1;0
534;Monnikensteeg 1/24 - 1/47;Klarenbeek;Dynamic;14;0
1706;Smallingerlandweg 1;Holthuizen;Dynamic;8,3;0
1431;Venlosingel thv, 60;De Laar Oost;Dynamic;5,9;0
2429;Juventastraat;Schuytgraaf-Centrum;Dynamic;2,9;0
1416;Medemblikhof 38;Elderhof;Dynamic;18,6;0
828;Groningensingel 653 - 753(flat Sandenburg);Vredenburg;Dynamic;4,7;0
1559;Huijghenslaan 48;Angerenstein;Dynamic;11,2;0
741;Huissensestraat 62 voor Apotheek Zorgcentrum;Middelgraaflaan e,o,;Dynamic;3,9;0
196;Lacombléstraat 1 - 35;Presikhaaf III;Dynamic;4,6;0
1925;Agnietenstraat 185 overzijde;Klarendal Noord;Dynamic;5,4;0
1784;Jules Vernehof naast 1;Rijkerswoerd Oost;Dynamic;4,4;0
466;Oude Kluizenweg;Alteveer/Cranevelt;Dynamic;7,3;0
2075;Beertastraat to, 17;Vredenburg;Dynamic;5,5;0
511;Dominicanenweg t/h No, 15-27;Monnikenhuizen;Dynamic;18,6;0
1627;Rosendaalseweg  thv, 831;Arnhemse Allee;Dynamic;13,4;0
1728;Kopstuk thv 17;Rijkerswoerd West;Dynamic;7,9;0
500;Rosendaalseweg t,h,v, 717;Geitenkamp;Dynamic;12,6;0
1800;Ida Gerhardtstraat 42 overzijde;Rijkerswoerd Oost;Dynamic;4,7;0
1602;Bachlaan t,h,v, 19;Alteveer/Cranevelt;Dynamic;11,5;0
383;J,P, Heijestraat 53 -  55;Onder de Linden;Dynamic;200;0
2037;Polluxstraat to 242;Schuytgraaf-Centrum;Dynamic;5,9;0
2127;Utrechtsestraat / Stationsplein-west;Utrechtsestraat;Scheduled;0;0
1792;Albert van Dalsumlaan 47 overzijde;Rijkerswoerd Oost;Dynamic;6,8;0
1453;Voerendaalstraat 2 zijkant(Limburgsingel);De Laar Oost;Dynamic;6,5;0
2094;Kroonpark 10;Kronenburg;Dynamic;6,3;0
600;Utrechtseweg t/h No, 170;Lombok;Dynamic;6,8;0
1117;Beukenlaan naast 78;Klarenbeek;Dynamic;6,4;0
703;Venkelstraat 29;Kamillehof;Dynamic;3,8;0
ABSN001(*);Beijerinckweg;Arnhemse Broek;Scheduled;0;0
19;Noord en Zuidstraat 37;Hommelstraat;Dynamic;8,1;0
1744;Pythagorasstraat t,h,v, 10 overzijde;Rijkerswoerd West;Dynamic;11,9;0
767;Kleefseplein 1 - 239;Immerloo II;Dynamic;6,3;0
189;Van der Goesstraat 100-130;Presikhaaf III;Dynamic;3,9;0
1541;Nicolaas Maesstraat 7 overzijde;Gulden Bodem;Dynamic;11,7;0
2111;Sweelincklaan thv, 99;Alteveer/Cranevelt;Scheduled;10,1;0
438;Kloosterstraat, 87-133;Paasberg;Dynamic;28,2;0
1661;Garde Grenadiers thv 1;Klarenbeek;Dynamic;26,4;0
1403;Koewei 1 tegenover;Elderhof;Dynamic;6;0
904;Boxmeerhof t,h,v, 2-20;De Laar West;Dynamic;17,3;0
1821;Hennepstraat 34 zijkant;Elden;Dynamic;7;0
316;Jacob Cremerstraat 53 zijkant;Graaf Ottoplein e,o,;Dynamic;7,5;0
1692;Ruigezantplantsoen 10;Vredenburg;Dynamic;6,7;0
136;Lekstraat t,h,v, 39;Presikhaaf I;Dynamic;7;0
775;Orionsingel thv 54 flat 4;Eimersweide;Dynamic;3,8;0
1171;Willy den Oudenstraat 46;Bakenhof;Dynamic;12,3;0
169;Doeffstraat 50 - 96;Presikhaaf III;Dynamic;5,2;0
1386;Haarlemweg 49 overzijde;Elderveld Noord;Dynamic;3;0
1498;Hertshoornstraat 32;Heijenoord;Dynamic;13,3;0
981;Angelsaksenveld 8;Schuytgraaf-Zuid;Dynamic;8,4;0
1767;Mr, P,J, Oudsingel 103;Rijkerswoerd Midden;Dynamic;7,5;0
2458(*);Zeelandsingel;De Laar-Oost;Dynamic;5,4;0
58;Singelstraat t/h No, 72-110;Boulevardwijk;Dynamic;5,7;0
79;Groen van Prinsterenstraat 5;Statenkwartier;Dynamic;6,2;0
1793;Albert van Dalsumlaan 103 overzijde;Rijkerswoerd Oost;Dynamic;7,2;0
2588;Kronenburgsingel;Kronenburg;Dynamic;;1
498;Dr, A, Kuyperstraat 68;Geitenkamp;Dynamic;5,4;0
1678;Van Diemenhof thv 2 zijkant;Arnhemse Broek;Dynamic;3,4;0
1547;Van Heemstralaan 1;Gulden Bodem;Dynamic;19,6;0
866;De Burcht 51;Elderveld Noord;Dynamic;9,2;0
1621;De Wolflaan 6;Alteveer/Cranevelt;Dynamic;29,3;0
9005;J.P. Heijestraat;Onder de Linden;Scheduled;0;1
267;Molecatenstraat 19;Over het Lange Water;Dynamic;3,1;0
403;Raapopseweg 66 - 68;Velperweg Noord;Dynamic;5,9;0
1628;Moslaan 3;Arnhemse Allee;Dynamic;7,9;0
845;Kortlandplaats 4 - 168;Elderveld Zuid;Dynamic;14,4;0
367;Agnietenstraat 269 zijkant;Klarendal Noord;Dynamic;9,8;0
1520;Beverweerdlaan 14;Elsweide;Dynamic;6,5;0
2107;Saksen Anhalt  2;Klarenbeek;Dynamic;22,7;0
677;Graslaan 37;Groene Weide;Dynamic;5,1;0
566;Bauerstraat t/h No, 37-39;Sterrenberg;Dynamic;15,9;0
1407;Volendamstraat 30;Elderhof;Dynamic;10;0
1746;Copernicusstraat 4;Rijkerswoerd West;Dynamic;6,7;0
1900;Klapstraat 42b zijkant;Elden;Scheduled;0;0
1733;Duke Ellingtonstraat 76;Rijkerswoerd West;Dynamic;4,1;0
1575;De Bosch Kemperstraat 19 zijkant;Statenkwartier;Dynamic;4,2;0
1712;Langweerpad 2;Holthuizen;Dynamic;7,7;0
1175;Stadswaardenlaan 32-34;Bakenhof;Scheduled;7,6;0
818;Stedumhof t/o No, 360-446;Vredenburg;Dynamic;5,7;0
970;Scheepvaart 18/ Stoomvaart;Schuytgraaf-Noord;Dynamic;3,5;0
739;Hortensiastraat 63-91;Middelgraaflaan e,o,;Dynamic;10,4;0
510;Franciscanenstraat t/h No, 10-12;Monnikenhuizen;Dynamic;75,2;0
1566;Stadhouderstraat 90 zijkant;Arnhemse Broek;Dynamic;3;0
1391;Alkmaarsingel 266;Elderhof;Dynamic;8,3;0
1195;Huissensestraat t,h,v, 148 overzijde;Immerloo I;Dynamic;3,9;0
794;Schepen v Ommerenstraat 38;Kronenburg;Dynamic;6,6;0
1387;Hilversumstraat 29 zijkant;Elderveld Noord;Dynamic;4,6;0
1932;Huissensestraat 201;Kamillehof;Dynamic;5,7;0
1771;Mr, P,J, Oudsingel 182 zijkant;Rijkerswoerd Midden;Dynamic;8,4;0
1296;Hommelseweg t,h,v, Nr 488(middenberm);Sonsbeek Noord;Dynamic;29,3;0
184;Van Kampenstraat t/h No, 100-130;Presikhaaf III;Dynamic;3,5;0
2345;Dijkkruin;Schuytgraaf-Noord;Dynamic;3,3;0
349;Klarendalseweg 155;Klarendal Zuid;Dynamic;12,8;0
614;Noordelijke Parallelweg 130;Heijenoord;Dynamic;5,8;0
286;Gamerslagplein 2 - 162;Winkelcentrum;Dynamic;6,9;0
1986;IJssellaan 2;Presikhaaf II;Dynamic;7,2;0
1659;Garde Jagers  2 zijkant;Monnikenhuizen;Dynamic;13,7;0
723;Raaihof 2 (zij-/achterkant);'t Duifje;Dynamic;3,5;0
625;De Praets oostkant onder Nelson Mandela brug;Meinerswijk / De Praets;Dynamic;7,6;0
1127;Fruithoeve 35 zijkant,;Schuytgraaf-Noord;Dynamic;10,3;0
2066;Schavenmolenstraat 35;Molenbeke;Dynamic;10,1;0
1722;De Gewanten 24 zijkant;Rijkerswoerd West;Dynamic;6,3;0
183;Van Kampenstraat 2;Presikhaaf III;Dynamic;6,9;0
2163;Langstraat naast 52/69;Weverstraat;Dynamic;5;0
1286;Lovinklaan 1;Sonsbeek Noord;Dynamic;6,2;0
2022;Het Hout thv  1;Schuytgraaf-Zuid;Dynamic;9,3;0
1230;Hofsingel 259;'t Duifje;Dynamic;4,9;0
2023;Het hout thv 22;Schuytgraaf-Zuid;Dynamic;7,9;0
732;Salvatorplein bij kerk;Middelgraaflaan e,o,;Scheduled;2,4;0
1410;Aalsmeerhof t,h,v, 75 overzijde;Elderhof;Dynamic;15,5;0
1393;Enkhuizenstraat 60 overzijde;Elderhof;Dynamic;10,9;0
601;Van Wageningenstraat 81;Brouwerijweg e,o,;Dynamic;5,8;0
1832;Gerststraat 1;Elden;Dynamic;3,4;0
2554(*);Kerkstraat/Pastoorstraat;Weverstraat;Scheduled;2,2;0
1570;Broekstraat thv 303;Arnhemse Broek;Dynamic;4,2;0
285;Hanzestraat 128;Winkelcentrum;Dynamic;5,8;0
1111;Dr, Schaepmanlaan t,h,v, 212;Monnikenhuizen;Dynamic;14,1;0
799;Kronenburgsingel t/o No, 361-389;Kronenburg;Dynamic;6,5;0
164;Volkerakstraat 54 zijkant;Presikhaaf II;Dynamic;4,3;0
2602;Meester D.U. Stikkerstraat 22-68;Elden;Scheduled;0;14
1546;Oude Velperweg thv 32;Plattenburg;Dynamic;21,3;0
1120;Schuttenbergplein t,o, 24;Geitenkamp;Dynamic;3,9;0
1622;Mendelssonlaan 8 overzijde;Alteveer/Cranevelt;Dynamic;19,1;0
1067;Van Slingelandtstraat  6a;Statenkwartier;Dynamic;6,6;0
33;1e Wijkstraat 6;Spijkerbuurt;Dynamic;3,7;0
1898;Willem Roodbeenhof 18;Elden;Dynamic;14,5;0
1605;Bernhard Zweerslaan 95;Alteveer/Cranevelt;Dynamic;13,4;0
30;Boekhorstenstraat t/h No, 58-60;Spijkerbuurt;Dynamic;4,8;0
709;Abe Lenstrahof 2;Bakenhof;Dynamic;6,6;0
817;Stedumhof t/o No, 360-446;Vredenburg;Dynamic;4,5;0
1300;Renssenstraat 8;Utrechtsestraat;Dynamic;4,2;0
428;Velperweg 141 (Insula Dei);Angerenstein;Dynamic;15,6;0
311;Apeldoornseweg t,h,v, No, 148;Graaf Ottoplein e,o,;Dynamic;10,5;0
1183;Pinksterbloemstraat 36;Zeegsingel e,o,;Dynamic;4,2;0
31;Parkstraat 1a zijkant;Spijkerbuurt;Dynamic;8;0
1521;Joris v,d, Hagenlaan 2/Bakenbergseweg;Hoogkamp;Dynamic;12;0
1457;Susterenhof to, 103;De Laar Oost;Dynamic;6,4;0
542;Sonsbeeksingel 21-25;Transvaalbuurt;Dynamic;8,2;0
1769;Belle van Zuylenstraat 4 overzijde;Rijkerswoerd Midden;Dynamic;7;0
973;Kustvaart 205;Schuytgraaf-Noord;Dynamic;78,1;0
1608;Willem Pijperstraat 6;Alteveer/Cranevelt;Dynamic;17,9;0
245;Engelenburgstraat t/h No, 2-18;Over het Lange Water;Dynamic;4;0
875;Aalburgstraat t/h No, 70-86;De Laar West;Dynamic;4,4;0
223;Hoge Waard t/h No, 9-13;Over het Lange Water;Dynamic;2,9;0
1492;Het Maisveld  22 - 60;Klingelbeek;Dynamic;24,3;0
890;Oudenboschstraat t,h,v, 25 zijkant;De Laar West;Dynamic;3,9;0
1501;Sonoystraat 27;Presikhaaf III;Dynamic;4;0
1184;Veldbloemenlaan 16 zijkant;Zeegsingel e,o,;Dynamic;4,4;0
2002;Vrij Nederlandstraat 32 overzijde;Presikhaaf I;Dynamic;3,9;0
1137;De Silo t,h,v, 18,;Schuytgraaf-Noord;Dynamic;7,7;0
76;Boulevard Heuvelink  194;Boulevardwijk;Dynamic;14,1;0
133;Amerstraat 171 - 219;Presikhaaf I;Dynamic;7,1;0
685;Huissensestraat t/h No, 135;Groene Weide;Dynamic;4,3;0
1542;Van Ruisdaelstraat 2;Gulden Bodem;Dynamic;15,1;0
1236;Brinkenhofsestraat to 44;De Overmaat;Dynamic;6,9;0
639;Dovenetellaan 219;Malburgen West;Dynamic;7;0
1366;Lissestraat 11;Elderveld Zuid;Dynamic;7,8;0
1538;Adolf van nieuwenaarlaan 18;Molenbeke;Dynamic;5,3;0
686;Forelstraat 2;Groene Weide;Dynamic;6,8;0
177;Van Nesstraat 15 overzijde;Presikhaaf III;Dynamic;5,3;0
1224;Loplein thv, 2;'t Duifje;Dynamic;6,1;0
696;Kamillelaan 34;Kamillehof;Dynamic;3,3;0
923;Terneuzenstraat;De Laar-Oost;Dynamic;4,3;0
374;Noordpad 71;Klarendal Noord;Scheduled;6,4;0
2115;Beekstraat 40;Markt;Dynamic;19,6;0
2576;Goud - thv 102-4;Schuytgraaf Centrum;Dynamic;3,4;14
258;Staverdenstraat t/h No, 2-18;Over het Lange Water;Dynamic;4;0
572;Bakenbergseweg / Amsterdamseweg;Sterrenberg;Dynamic;4,8;0
688;Snoekstraat t,h,v, 2 overzijde in gazon;Groene Weide;Dynamic;5,5;0
682;Veerpolderstraat 17/19(overzijde sloot en weg);Groene Weide;Dynamic;5,8;0
370;Kapelstraat 36 - 38;Klarendal Noord;Dynamic;5,6;0
342;Rosendaalsestraat 27 overzijde;Klarendal Zuid;Dynamic;4,7;0
842;Leimuidenplaats 120;Elderveld Zuid;Dynamic;18,7;0
209;Bontekoestraat 25;Presikhaaf III;Dynamic;4;0
1835;Tappisstraat 2 in grasveld;Elden;Dynamic;5,5;0
1096;Vijverlaan t,h,v, 140;Onder de Linden;Dynamic;7,9;0
399;Leeuwensteinplein t/o No, 15-16;Velperweg Noord;Dynamic;8,4;0
2117;Koningsplein 5;Markt;Scheduled;4,4;0
1488;Klingelbeekseweg 134 - 136 overzijde;Klingelbeek;Dynamic;10;0
1615;Boccherinistraat 12;Alteveer/Cranevelt;Dynamic;37,2;0
1613;Halévystraat t,h,v, 7;Alteveer/Cranevelt;Dynamic;16,3;0
1727;Peppelenwei 22;Rijkerswoerd West;Dynamic;7,1;0
1068;Van Slingelandtstraat 77;Statenkwartier;Dynamic;5,2;0
2054;Brederostraat 17;Paasberg;Dynamic;6,5;0
1776;Woodrow Wilsonstraat 2;Rijkerswoerd Midden;Dynamic;4;0
321;Staringstraat 85;Graaf Ottoplein e,o,;Dynamic;4,7;0
792;Schepen van Ommerenstraat 387;Kronenburg;Dynamic;6,1;0
695;Huissensestraat 235;Kamillehof;Dynamic;4,6;0
2424;Leidenweg 36;Elderveld Zuid;Dynamic;7,2;0
1167;Fokke Noordhoffstraat 2;Geitenkamp;Dynamic;5,4;0
2135;Sint Catherinaplaats 20;Markt;Scheduled;1,6;0
1372;Sassenheimstraat 27;Elderveld Zuid;Dynamic;3,4;0
2147;Roermondsplein 31;Weverstraat;Dynamic;6,6;0
722;Bergse Hoofd 2-216;'t Duifje;Dynamic;4,5;0
1433;Valkenburgstraat thv 15;De Laar Oost;Scheduled;3,6;0
725;Pijlkruidstraat 2;Immerloo I;Dynamic;3,8;0
1217(*);Watermuntstraat 49 Zijkant;Immerloo I;Dynamic;3,9;0
117;Le Mairehof 1;Arnhemse Broek;Dynamic;5,7;0
175;Van Kinsbergenstraat 1 - 57;Presikhaaf III;Dynamic;3,3;0
2097;Het Zwin 79;Presikhaaf II;Dynamic;3;0
1688;Uithuizenpad 28 achterzijde(Veendamstraat);Vredenburg;Dynamic;5,3;0
2071;Vondellaan 22;Paasberg;Dynamic;6;0
1950;Grensweg 27 overzijde;Arnhemse Allee;Dynamic;3,9;0
554;G,A,van Nispenstraat 100;Burgemeesterswijk;Dynamic;5,2;0
706;Herminiumstraat t,h,v, 1, zijkant,;Kamillehof;Dynamic;5,7;0
118;Rietgrachtstraat 115;Van Verschuerbuurt;Dynamic;5,4;0
787;Kronenburgsingel 683-799 achterzijde;Kronenburg;Dynamic;10,1;0
983;Angelsaksenveld 30;Schuytgraaf-Zuid;Dynamic;8,3;0
418;Wichard vanPontlaan 80;Plattenburg;Dynamic;4,1;0
991;Amperestraat  33;Nieuwe Kadekwartier;Dynamic;7,4;0
2028;Noordereiland 5;Schuytgraaf-Zuid;Dynamic;7,8;0
680;Huissensestraat t/h No, 109;Groene Weide;Dynamic;3,5;0
391;Sint Janskerkstraat 13;St, Janskerkstraat e,o,;Dynamic;5,3;0
1231;Ridderhof 37;'t Duifje;Dynamic;4,4;0
291;Hisveltplein 2 - 162;Winkelcentrum;Dynamic;8,7;0
309;van Hasseltstraat 16;St, Marten;Dynamic;4,4;0
1895;Dolceplein 3;Elden;Dynamic;4,7;0
419;Eleonorastraat 3 overzijde;Plattenburg;Dynamic;7,5;0
1447;Limburgsingel t,h,v 145 zijlkant;De Laar Oost;Dynamic;10,2;0
896;Millweg 52 t/m 144;De Laar West;Dynamic;3,6;0
2570;Deltawerken;Schuytgraaf-Noord;Scheduled;6,8;14
1357;Schoonhovenhof thv,5;Elderveld Zuid;Dynamic;6,6;0
1269;Orpheusstraat;Schuytgraaf-Centrum;Dynamic;3,4;0
1429;Venlosingel 6 zijkant;De Laar Oost;Dynamic;4,6;0
1919;Bremstraat 71;Heijenoord;Dynamic;22,4;0
1694;Winschotenstraat 46(overzijde);Vredenburg;Dynamic;5,1;0
253;Hamerdenstraat t,h,v, 1;Over het Lange Water;Dynamic;8;0
1075;Rappardstraat t,h,v, 74;Klarendal Zuid;Dynamic;6,5;0
1471;Borgharenpad 40;De Laar Oost;Dynamic;7,3;0
1024;Raadsheerplein 4;Winkelcentrum;Dynamic;3,9;0
469;Oremusplein 1 - 55;Alteveer/Cranevelt;Dynamic;6,3;0
1240;Pachterwaard 42;Schuytgraaf-Zuid;Dynamic;6,1;0
261;Matenalaan t,h,v, 2 overzijde;Over het Lange Water;Scheduled;6;0
491;Fazantenweg t/h No, 53-55;Geitenkamp;Dynamic;4;0
562;Van Heemstralaan 25;Gulden Bodem;Dynamic;8;0
243;St, Antonielaan 198;Graaf Ottoplein e,o,;Dynamic;10,3;0
797;Schepen ten Havenstraat 13 - 33;Kronenburg;Dynamic;8;0
850;Asperenpad 1/ Zwijndrechtstraat;Elderveld Zuid;Dynamic;7,1;0
1313;Oude Kraan 34;Utrechtsestraat;Dynamic;9,5;0
1933;Monnikskaplaan 31;Malburgen West;Dynamic;3,8;0
1810;Mr P,S, Gerbrandysingel 57;Rijkerswoerd Midden;Dynamic;6;0
504;Monnikensteeg 80 - 138;Monnikenhuizen;Dynamic;6,1;0
1486;Berkelstraat 17;Presikhaaf I;Dynamic;9,2;0
ABSZ001(*);De Overmaat;De Overmaat;Scheduled;0;0
1182;Dotterlaan 28;Zeegsingel e,o,;Dynamic;8;0
1071;Hugo de Grootstraat t,h,v, 19;Statenkwartier;Dynamic;3,6;0
139;Amerstraat 1 - 59;Presikhaaf I;Dynamic;8,2;0
1695;Onstweddestraat 36 overzijde;Vredenburg;Dynamic;4,3;0
635;Heermoesstraat 106 - 178;Malburgen West;Dynamic;6,5;0
427;Bernhardlaan / v, Lippe Biesterveldstraat;Angerenstein;Dynamic;6,1;0
823;Groningensingel 1111 - 1165;Vredenburg;Dynamic;10,1;0
73;Boulevard Heuvelink 124;Boulevardwijk;Dynamic;9,6;0
1539;Van Heemstralaan 61;Gulden Bodem;Dynamic;6,7;0
331;Bouwmeesterstraat 1;Graaf Ottoplein e,o,;Dynamic;4,8;0
1617;Ockeghemlaan 15;Alteveer/Cranevelt;Dynamic;29,9;0
956;Pascalstraat 11;Rijkerswoerd West;Scheduled;5,6;0
2055;Bronbeeklaan/Frederik van Eedenstraat;Paasberg;Dynamic;12,2;0
1868;Jacob Marislaan t,h,v, 92;Hoogkamp;Dynamic;18,8;0
56;C,A, Thiemestraat 53;Spijkerbuurt;Dynamic;7;0
1012;Ulvenhoutstraat 19 zijkant;De Laar West;Dynamic;4,9;0
1904;Schiedamhof 6 zijkant;Elderveld Zuid;Dynamic;22,7;0
1779;Mr, P,S, Gerbrandysingel 15;Rijkerswoerd Midden;Scheduled;3,8;0
